ID,Age,Experience,Income,ZIP Code,Family,CCAvg,Education,Mortgage,Personal Loan,Securities Account,CD Account,Online,CreditCard
1,26,5,39,92221,1,1.7,1,0,0,0,0,0,0
2,57,37,86,92097,2,1.5,1,0,0,1,0,1,0
3,51,28,64,92801,2,3.2,3,0,0,0,0,0,1
4,42,18,61,93913,3,3.2,2,0,0,1,0,0,1
5,42,18,163,90728,4,2.5,1,0,0,0,0,0,0
6,60,35,135,94474,1,5.3,1,0,1,0,0,1,0
7,26,4,31,90725,1,0.9,1,0,0,0,0,1,0
8,53,29,46,93761,4,1.5,1,0,0,0,0,1,0
9,31,7,71,91222,3,1.3,2,0,0,0,0,0,0
10,27,6,140,95520,3,5.8,2,0,1,0,0,1,0
11,46,21,58,92002,1,1.0,3,180,0,0,1,1,0
12,65,45,78,90065,3,3.8,3,0,1,0,0,1,1
13,55,32,82,90622,2,2.4,3,0,0,0,0,1,0
14,56,31,139,92417,3,5.2,2,0,1,0,0,0,0
15,54,31,43,95950,1,2.1,2,0,0,0,0,1,1
16,57,32,71,91809,2,3.0,2,512,0,0,0,1,0
17,45,25,97,93092,3,3.2,1,126,0,0,0,1,0
18,28,5,39,94660,3,1.1,1,0,0,0,0,1,0
19,59,35,79,91437,4,2.4,3,0,0,1,0,1,0
20,42,19,73,94221,4,1.8,2,0,0,0,0,1,0
21,45,20,123,92567,1,6.3,1,178,0,0,0,1,0
22,39,17,115,95523,1,2.4,2,172,0,0,0,1,0
23,31,7,132,94224,2,3.7,1,0,0,1,0,0,0
24,63,41,89,91942,4,3.9,2,557,1,0,0,1,0
25,57,32,128,92805,2,3.3,1,0,1,0,0,1,1
26,51,31,44,95304,4,2.1,3,0,0,0,0,0,0
27,40,19,99,92300,1,2.0,2,0,0,0,0,1,0
28,59,39,51,93337,4,0.6,1,0,0,1,0,0,0
29,46,22,27,95304,1,1.0,3,440,0,0,0,0,0
30,42,21,43,90950,4,1.4,3,0,0,0,0,0,0
31,42,21,56,95216,4,2.8,3,0,0,0,0,1,1
32,32,7,48,95140,2,1.4,2,0,0,0,0,1,0
33,27,5,185,93359,2,2.9,1,0,1,0,0,0,0
34,47,27,90,91448,3,2.2,2,0,0,0,0,0,0
35,62,42,115,90874,3,3.1,3,570,1,1,0,0,0
36,25,4,46,94713,1,1.6,3,0,0,0,0,1,0
37,60,35,25,92329,1,0.5,2,277,0,0,0,1,1
38,59,36,200,93328,4,6.8,2,278,1,0,0,0,0
39,35,10,20,90557,4,1.0,1,0,0,1,1,1,0
40,50,29,44,93192,1,1.2,1,516,0,0,0,0,0
41,30,8,104,90426,4,4.0,1,464,0,0,0,0,0
42,56,36,57,93316,4,1.1,1,309,0,1,0,1,0
43,53,31,80,95218,4,3.6,2,0,0,0,0,1,0
44,38,15,39,96047,1,0.8,1,0,0,0,0,1,1
45,25,1,90,95239,3,3.2,2,0,0,1,0,1,0
46,65,43,32,93624,1,0.7,2,183,0,0,0,1,1
47,42,18,14,94605,1,0.2,1,299,0,0,0,0,1
48,62,39,52,90273,1,1.2,2,0,0,0,0,1,0
49,52,31,100,94235,2,1.9,1,185,0,0,1,1,0
50,57,32,50,95926,3,2.4,1,0,0,0,0,1,1
51,56,34,83,90939,1,1.8,3,204,0,0,0,1,0
52,31,11,186,91746,1,9.7,1,0,1,0,0,1,1
53,39,14,93,96158,2,2.9,1,228,0,0,0,0,1
54,43,18,87,92915,1,1.7,2,0,0,1,0,1,0
55,44,24,114,94486,4,3.1,1,0,0,0,0,0,1
56,24,0,72,95103,1,1.3,1,523,0,0,0,1,1
57,47,22,51,95928,2,2.4,3,0,0,0,0,0,1
58,29,5,129,90524,2,2.0,2,0,0,0,0,1,0
59,55,34,112,92220,1,5.4,2,0,1,0,0,1,1
60,53,30,44,91441,4,0.5,3,0,0,0,0,1,0
61,63,40,63,95046,1,1.4,1,408,0,0,0,0,0
62,55,32,94,95436,2,1.5,2,0,0,0,0,1,0
63,39,16,29,95387,3,1.2,1,508,0,0,0,1,1
64,65,42,94,90726,2,3.0,1,0,0,0,0,1,0
65,41,18,88,94159,2,4.5,3,0,1,0,0,0,0
66,37,13,35,93203,1,0.9,3,233,0,0,0,1,0
67,62,39,169,94496,2,2.0,1,0,0,0,0,1,1
68,39,19,59,91152,1,2.5,1,0,0,0,0,0,1
69,26,6,56,90801,2,2.0,1,308,0,0,0,1,1
70,43,18,118,92194,2,5.4,2,0,0,0,0,1,0
71,58,33,130,92189,2,3.7,1,0,0,0,0,1,0
72,31,8,40,94900,1,1.7,3,0,0,0,0,1,0
73,43,22,68,91184,4,1.2,1,0,1,1,0,0,0
74,28,4,24,95946,1,1.3,1,0,0,0,0,0,0
75,53,33,114,90106,1,2.0,3,0,0,0,0,0,0
76,43,21,73,93558,1,3.4,3,0,0,0,0,0,1
77,37,16,31,93286,4,0.6,1,0,0,0,0,1,0
78,32,12,48,92244,2,2.1,2,0,0,0,0,0,0
79,47,23,38,90691,2,1.8,3,0,0,0,0,1,0
80,52,29,46,90496,4,2.2,2,122,0,0,0,0,1
81,64,43,25,91714,1,0.8,2,0,0,0,0,1,0
82,42,19,148,92489,1,4.2,2,0,1,0,0,0,1
83,30,10,41,91180,1,1.9,3,0,0,0,0,0,0
84,59,37,75,95045,3,2.6,2,315,0,0,0,0,0
85,50,27,93,96033,4,3.4,1,0,0,0,0,0,0
86,53,31,130,94691,3,2.6,2,373,1,0,0,0,0
87,27,3,76,95127,4,2.2,3,0,0,0,0,1,0
88,36,15,64,92209,4,1.7,2,0,0,0,0,1,0
89,56,36,78,95339,2,3.0,1,0,0,0,0,1,0
90,59,36,40,91053,1,0.7,2,0,0,0,0,1,0
91,42,17,42,93730,1,1.2,2,0,0,0,0,1,0
92,58,36,63,93370,4,2.9,3,0,0,0,0,1,1
93,60,40,20,92965,3,0.7,1,0,0,0,0,0,1
94,40,15,51,95158,4,2.5,3,535,0,0,0,0,0
95,62,40,57,92091,3,1.1,2,500,0,0,0,1,0
96,35,14,187,93486,4,5.4,1,562,1,0,0,0,0
97,33,10,139,92868,4,4.4,2,58,0,0,0,0,0
98,53,32,93,93358,4,2.5,1,0,0,0,0,0,1
99,51,26,116,92128,4,4.6,3,0,1,0,0,1,1
100,29,8,42,94381,1,0.7,3,0,0,0,0,0,0
101,59,36,79,93665,3,2.6,1,0,1,1,0,1,0
102,31,8,108,90802,4,1.7,2,0,1,0,0,0,1
103,58,37,42,92742,2,1.6,3,0,0,0,0,0,1
104,23,1,32,93835,4,1.5,1,540,0,0,0,1,0
105,58,38,88,90595,2,1.0,3,0,0,0,0,1,0
106,57,34,34,90483,1,1.0,1,0,0,0,0,1,0
107,57,33,98,93369,3,3.1,1,0,0,0,0,1,0
108,52,27,129,90990,1,5.3,2,435,1,0,0,1,1
109,43,22,43,93536,2,0.6,1,0,0,0,0,0,0
110,54,33,45,90319,4,1.2,3,0,0,0,0,1,0
111,35,12,127,95298,1,5.6,2,0,1,0,0,1,0
112,57,33,76,93808,1,2.5,2,0,0,0,0,0,0
113,47,22,118,93928,4,5.0,2,0,0,0,0,0,0
114,43,23,65,95978,4,1.7,2,0,0,0,0,1,0
115,45,24,67,93873,2,3.3,3,0,0,0,0,0,1
116,48,27,75,90919,2,1.0,2,0,0,0,0,0,0
117,24,3,167,95577,4,2.3,3,0,1,0,0,1,1
118,29,7,113,92917,3,3.7,2,0,0,0,0,1,1
119,33,8,50,94159,4,1.5,1,331,0,0,0,0,0
120,28,8,82,95542,1,3.1,2,0,0,0,0,1,0
121,42,18,62,92934,3,1.2,2,0,1,0,0,1,1
122,52,29,56,95270,3,1.1,1,255,0,0,1,1,1
123,51,28,96,95903,1,4.1,1,0,0,0,0,0,0
124,43,19,86,92623,3,1.9,1,0,0,0,0,0,0
125,60,40,43,90159,1,1.8,1,0,0,0,0,0,0
126,47,23,75,94617,4,2.8,3,0,0,0,0,1,1
127,26,5,55,94976,3,0.7,3,467,0,0,0,0,0
128,56,33,93,90268,1,3.8,1,54,0,0,0,1,0
129,48,24,54,95912,3,2.6,3,0,0,0,0,0,1
130,50,27,68,94690,1,3.1,3,470,0,0,0,1,0
131,47,26,57,91199,4,0.6,3,0,0,0,0,0,1
132,47,25,27,94498,1,0.9,1,0,0,0,0,0,1
133,26,4,163,94265,3,8.1,1,320,1,0,0,0,0
134,47,27,75,93613,1,2.7,2,433,0,1,0,1,0
135,57,33,166,93532,1,3.7,3,0,1,0,0,1,0
136,36,16,77,90708,4,1.4,2,0,0,0,0,0,0
137,49,27,105,95819,2,4.2,2,0,0,0,0,1,0
138,24,1,52,91836,1,2.3,3,0,0,0,0,1,0
139,38,18,52,91788,3,2.6,3,260,0,0,0,1,0
140,42,17,73,91064,1,3.6,2,0,1,0,0,1,1
141,66,44,165,91241,3,4.1,3,0,1,0,0,1,1
142,32,12,44,90365,4,1.6,3,0,0,0,0,1,0
143,35,12,23,95138,3,0.3,1,0,0,1,0,1,1
144,40,17,125,95574,1,1.8,3,0,0,0,0,1,0
145,66,43,109,90329,1,1.4,1,0,0,0,0,0,0
146,60,36,59,91126,1,3.0,1,0,0,0,0,1,0
147,24,2,199,92751,3,3.3,3,0,1,0,0,0,0
148,33,9,204,91281,3,6.3,2,0,1,1,1,0,0
149,59,37,26,91239,3,0.7,2,0,0,0,0,1,0
150,25,2,51,94344,2,1.2,3,0,0,0,0,0,1
151,60,40,72,95450,1,2.4,1,375,0,0,0,1,0
152,35,12,92,91996,4,0.9,1,447,0,0,0,1,0
153,63,42,84,93222,3,2.2,1,0,0,0,0,1,0
154,35,11,75,92510,3,2.3,2,0,0,0,0,1,0
155,42,18,40,92324,1,1.8,1,0,0,0,0,0,0
156,52,27,98,90350,2,4.0,1,457,1,0,0,1,1
157,28,3,101,94384,2,4.7,3,280,1,0,0,1,0
158,47,27,121,95745,3,3.2,1,0,0,0,0,0,0
159,45,25,37,94707,4,0.6,2,0,0,0,0,1,1
160,57,32,66,96177,4,1.8,1,0,0,1,0,1,0
161,66,44,57,95085,3,2.9,2,0,0,0,0,1,0
162,52,32,37,92283,2,0.7,2,0,0,0,0,1,1
163,41,20,66,95095,2,1.2,2,0,0,0,0,1,0
164,40,15,42,91336,3,2.1,1,0,0,0,0,1,0
165,41,19,34,92478,2,1.7,1,0,0,0,0,1,1
166,58,38,110,94375,2,1.8,1,269,1,0,0,1,0
167,37,13,58,91786,4,2.5,1,0,1,1,0,1,0
168,30,9,50,94697,3,1.4,2,355,0,0,0,1,1
169,37,15,136,91151,2,4.3,1,0,1,0,1,1,0
170,23,3,102,90952,3,3.2,1,0,0,0,0,1,0
171,27,4,22,94670,2,1.1,1,0,0,0,1,1,0
172,26,4,92,93018,1,1.7,3,0,0,0,0,0,0
173,56,31,92,95790,4,4.0,2,0,0,0,0,1,0
174,54,32,64,91212,2,0.7,2,187,0,1,0,1,1
175,53,32,63,94432,2,2.3,2,0,0,0,0,1,0
176,43,23,29,91449,1,1.1,1,0,0,0,0,1,0
177,54,33,198,92932,4,8.4,1,0,1,0,0,0,0
178,30,8,65,93061,3,3.3,1,374,1,0,0,0,0
179,62,42,89,95261,2,3.8,2,0,0,0,0,1,0
180,45,23,67,92477,3,2.8,1,0,0,1,0,1,1
181,64,39,50,92252,2,1.0,1,0,0,0,0,1,0
182,29,5,114,92945,2,6.0,3,0,1,0,0,0,0
183,44,21,81,96062,2,2.5,3,0,0,1,0,0,0
184,53,28,66,92382,1,1.9,1,0,0,0,0,0,0
185,44,20,89,93405,4,2.8,3,0,0,1,0,1,0
186,42,19,71,90453,4,1.9,1,196,0,0,0,1,1
187,30,5,172,93741,4,6.1,1,0,1,0,0,1,0
188,39,19,112,90472,2,2.8,1,457,0,0,0,1,1
189,33,9,97,90092,4,2.0,3,0,0,0,0,0,1
190,36,15,31,91624,2,1.6,1,0,0,0,0,1,0
191,53,29,98,91180,4,4.9,3,0,1,0,0,0,0
192,50,25,97,93242,1,3.1,2,0,0,1,0,1,0
193,49,27,42,91293,2,2.2,2,0,0,0,0,1,0
194,38,18,30,91320,3,0.8,1,288,0,0,0,0,0
195,65,43,110,95510,4,2.9,1,528,0,0,0,1,1
196,26,4,117,93878,2,5.8,3,224,1,0,0,1,0
197,38,13,52,90067,2,1.9,1,0,0,1,0,1,1
198,28,3,51,94722,4,2.2,2,0,0,0,0,1,0
199,37,14,80,94486,2,2.2,1,0,0,0,0,1,0
200,65,40,58,95531,3,1.6,3,577,0,0,0,0,1
201,39,17,30,93347,2,0.4,2,437,0,0,0,0,1
202,62,40,42,95850,1,2.2,2,288,0,0,0,0,1
203,44,19,88,95829,2,1.7,2,0,0,0,0,1,0
204,53,29,43,92261,3,1.4,1,0,0,0,0,1,0
205,43,20,120,90495,1,1.8,1,90,0,0,0,0,0
206,34,12,96,95846,1,3.7,1,0,0,1,0,1,0
207,56,32,89,94059,4,2.4,2,245,1,0,0,1,0
208,65,41,79,95427,1,3.4,1,0,0,0,0,1,0
209,34,12,49,90464,1,1.6,1,0,0,0,0,1,0
210,57,37,103,91957,3,1.6,1,0,0,0,0,1,0
211,34,14,48,90004,3,0.5,1,410,0,0,0,1,0
212,54,34,124,92293,1,2.4,2,302,0,0,0,0,0
213,57,35,157,94665,1,6.5,2,506,1,0,0,1,1
214,42,19,80,91041,4,3.7,2,0,1,1,1,1,0
215,55,31,146,92323,3,3.6,1,0,1,0,0,1,0
216,34,13,42,95388,3,1.4,2,0,0,0,0,0,1
217,26,2,97,91890,1,2.0,2,0,0,0,0,1,1
218,27,4,74,93282,1,3.6,3,446,0,0,0,0,0
219,42,22,111,92703,1,5.8,3,0,1,0,0,1,0
220,62,40,23,91276,4,1.0,3,0,0,0,0,1,0
221,28,7,107,95759,4,1.5,3,0,0,0,0,1,0
222,43,18,51,95018,3,1.5,3,0,0,0,0,1,0
223,53,28,76,92419,3,4.0,2,572,0,0,0,1,0
224,31,7,196,95272,1,3.9,2,0,1,0,1,1,1
225,54,31,99,93082,4,3.9,3,540,1,0,0,1,0
226,36,14,92,93965,3,4.7,1,135,0,0,0,1,1
227,58,37,88,91818,3,3.8,1,283,0,0,0,1,0
228,48,24,131,92445,4,4.8,3,528,1,0,0,1,0
229,47,27,113,95742,1,3.6,2,451,1,0,0,0,0
230,30,9,88,91364,2,4.4,1,0,0,0,0,0,1
231,43,23,83,92564,1,2.2,1,0,0,0,0,1,1
232,60,38,80,94751,2,3.9,1,0,0,0,0,0,0
233,23,2,71,92042,2,2.0,1,498,1,0,0,1,0
234,56,35,37,94777,2,1.6,2,120,0,0,0,0,0
235,44,22,97,92431,3,4.8,2,360,0,0,0,0,0
236,54,29,54,93167,2,1.8,2,322,0,0,0,1,1
237,52,29,67,96147,1,1.6,1,0,0,1,0,1,0
238,42,18,117,94604,1,1.4,2,284,0,0,0,0,1
239,36,11,72,95693,3,3.2,1,97,0,0,0,1,0
240,50,25,69,91238,3,2.5,1,0,0,0,0,1,0
241,29,7,80,95175,4,1.7,2,0,0,1,0,0,0
242,48,23,62,93283,4,3.0,1,386,0,0,1,1,0
243,27,2,194,94749,1,9.7,3,0,1,0,0,1,1
244,51,26,180,92015,3,8.7,2,0,1,0,0,1,1
245,50,28,177,94538,1,6.4,1,0,1,1,0,0,0
246,26,5,88,96148,1,4.6,1,0,0,0,0,1,0
247,56,33,52,93083,4,2.5,1,0,0,0,0,0,0
248,41,16,118,92630,2,1.7,1,0,0,0,0,1,0
249,57,32,63,93268,4,3.3,3,455,0,0,0,0,0
250,24,1,124,91274,1,4.2,2,0,1,0,0,1,0
251,30,10,51,93481,3,2.5,3,0,0,0,0,1,0
252,44,22,91,91215,2,3.9,2,0,0,0,0,1,1
253,31,7,133,94289,4,5.1,3,0,0,0,0,1,0
254,37,14,64,96172,3,1.5,3,0,0,0,0,1,1
255,52,30,64,94727,4,0.7,1,0,0,0,0,0,1
256,29,7,32,96195,2,0.7,1,0,0,0,0,1,0
257,52,32,52,92725,4,2.1,1,0,0,0,0,0,0
258,27,6,87,94958,4,4.1,1,0,1,0,0,0,0
259,30,6,94,93482,4,0.9,2,0,0,0,0,0,0
260,48,27,102,92979,2,1.9,1,0,0,0,0,0,0
261,57,32,25,93919,4,1.0,3,121,0,0,0,1,0
262,30,10,63,94127,3,1.4,1,0,0,0,0,0,1
263,36,13,34,90309,1,0.5,3,0,1,0,0,0,1
264,63,41,85,94351,4,1.2,1,0,0,0,1,1,0
265,66,42,29,93261,1,1.1,1,531,0,0,0,0,0
266,48,23,39,90808,3,1.4,3,412,0,0,0,0,0
267,42,19,112,91111,1,5.3,2,294,0,0,0,0,0
268,38,15,55,90891,4,1.3,3,489,0,0,0,1,0
269,49,25,147,95098,3,2.3,3,0,0,0,0,1,1
270,49,26,103,92442,4,4.6,1,0,0,0,0,0,0
271,35,14,65,92674,3,3.4,1,0,0,0,0,0,0
272,24,2,121,92323,3,3.1,1,0,0,0,0,1,0
273,29,8,68,94505,4,3.2,1,0,0,0,0,1,0
274,65,43,108,92902,2,4.6,3,0,1,0,0,1,1
275,41,18,50,96141,3,2.5,3,0,0,0,0,0,0
276,44,23,125,91877,2,3.5,1,0,0,0,0,1,0
277,43,22,30,95899,1,0.4,2,0,0,0,0,0,0
278,57,33,39,93831,4,0.6,3,0,0,0,0,1,0
279,25,3,43,93967,2,1.9,1,464,0,0,0,1,0
280,26,5,53,94680,1,2.5,1,0,0,1,0,1,0
281,35,11,89,95428,4,2.7,3,0,0,1,0,1,0
282,44,20,74,95402,4,0.9,3,0,0,0,1,1,1
283,52,28,109,95537,3,1.4,1,0,0,0,0,0,0
284,44,20,134,92538,2,4.8,2,0,0,0,0,1,1
285,42,17,28,94835,4,1.4,1,0,0,0,0,1,0
286,64,41,143,91810,3,3.9,2,137,1,1,0,1,1
287,30,9,67,93042,2,2.6,2,392,1,0,0,1,0
288,48,23,175,90930,2,5.9,1,0,0,1,0,1,1
289,46,25,49,92672,4,2.4,3,0,0,0,0,1,0
290,43,22,24,93473,4,1.1,2,0,0,0,0,0,1
291,58,34,104,95175,3,1.9,3,481,1,0,0,1,1
292,34,9,100,90236,1,3.9,2,469,1,0,0,0,1
293,64,42,40,93709,1,1.9,2,438,0,0,0,1,0
294,37,13,42,95316,2,2.1,1,0,0,0,0,1,1
295,46,21,113,94812,3,4.0,1,0,0,0,0,1,0
296,45,21,91,92957,4,1.6,3,533,0,1,0,1,0
297,60,40,63,92541,4,2.2,2,0,1,0,0,1,0
298,42,19,96,93776,2,3.7,1,0,0,0,0,0,1
299,35,14,86,94363,1,1.9,3,0,0,0,0,1,1
300,23,0,45,92480,2,2.3,3,225,0,0,0,1,0
301,39,19,118,93379,1,2.4,1,0,0,0,0,0,0
302,59,34,106,90022,4,5.2,1,0,0,0,0,1,1
303,23,2,75,91969,1,2.1,2,284,0,0,0,0,1
304,62,40,113,94890,4,1.1,1,275,0,1,0,0,0
305,46,25,187,92571,3,6.3,3,0,1,0,0,1,1
306,29,5,42,92937,1,1.6,2,0,0,0,0,1,0
307,36,14,65,95819,3,3.1,1,0,0,0,0,0,0
308,47,23,67,92520,3,2.2,2,0,0,0,0,1,0
309,36,16,112,92706,1,1.6,1,232,0,0,0,1,0
310,27,5,53,94705,1,2.7,2,0,0,0,0,1,0
311,52,27,109,95242,2,3.8,1,0,0,0,0,1,0
312,52,27,56,92154,1,1.2,3,0,0,0,1,0,0
313,28,7,39,91090,3,1.9,3,284,0,0,0,0,1
314,35,13,78,94014,3,1.2,3,0,0,0,0,0,0
315,33,11,56,90638,1,0.8,1,0,0,0,0,1,0
316,52,29,82,94499,1,2.7,1,596,0,0,0,0,0
317,55,32,92,92988,3,3.4,3,0,0,0,0,0,0
318,54,34,29,96091,2,0.9,1,0,0,0,0,1,0
319,64,40,59,91860,2,3.0,1,0,0,0,0,0,0
320,56,35,78,94764,2,1.7,3,555,0,0,0,0,0
321,37,16,114,90019,1,6.0,3,441,1,0,0,1,0
322,27,2,106,90146,4,1.1,3,0,0,0,0,1,1
323,50,26,47,92778,4,0.7,1,0,0,0,0,1,1
324,63,41,68,93874,3,1.2,2,522,0,0,1,1,0
325,65,40,95,91033,2,1.3,2,214,0,0,0,1,0
326,33,11,66,93820,1,1.9,2,0,0,0,0,1,0
327,33,10,49,94120,2,2.3,1,0,0,0,0,1,0
328,24,3,73,90764,4,3.3,3,157,0,0,0,0,0
329,29,8,90,95348,1,3.8,1,0,0,0,0,0,0
330,47,25,44,94651,4,0.5,2,0,0,0,0,1,0
331,47,24,100,92064,2,4.8,3,370,1,0,1,1,0
332,39,15,80,92323,2,2.2,3,243,0,0,0,0,0
333,36,14,102,91685,4,4.3,1,0,1,0,0,1,1
334,59,34,72,93867,4,3.0,2,0,0,0,0,0,0
335,43,20,172,94240,4,3.0,2,0,0,0,0,1,0
336,58,38,89,91664,2,2.9,1,0,0,0,0,0,1
337,65,41,109,93389,3,5.5,1,0,0,0,0,1,0
338,36,13,100,91098,2,2.1,2,0,0,0,0,0,1
339,31,9,68,92553,1,2.8,3,0,0,0,0,1,1
340,64,42,85,92455,2,4.4,3,0,0,0,0,1,1
341,50,29,54,92346,1,1.4,1,0,0,0,0,1,0
342,35,12,165,91279,1,4.4,1,387,1,0,0,1,1
343,50,27,95,90145,3,2.8,1,0,1,0,0,1,0
344,45,23,48,96117,3,2.2,3,0,0,1,0,1,0
345,62,41,146,92504,2,4.2,3,0,1,0,0,1,0
346,34,12,70,94506,3,2.2,3,83,0,0,0,1,0
347,66,44,117,95344,4,2.3,2,0,0,0,0,1,0
348,64,42,29,90232,4,1.5,1,0,0,0,0,1,0
349,30,9,132,92469,3,6.4,2,192,1,0,0,1,1
350,30,7,93,92383,1,3.3,1,0,0,0,0,1,0
351,46,25,46,93936,3,2.4,1,0,0,0,0,1,0
352,24,1,92,95659,1,3.7,1,0,0,0,0,1,0
353,36,16,157,94195,1,8.1,1,0,1,0,0,1,0
354,42,20,55,93693,2,0.9,1,0,0,0,0,1,1
355,65,41,54,91407,2,1.1,3,259,0,1,0,1,0
356,66,42,67,93006,1,3.2,3,0,0,0,0,1,1
357,29,5,77,94595,1,2.2,3,0,0,0,0,0,0
358,62,38,121,93329,4,3.2,1,374,1,0,0,0,0
359,27,7,95,93773,3,4.1,3,0,0,0,0,1,1
360,55,33,67,91884,3,2.5,1,0,0,0,0,1,1
361,60,37,87,92897,1,2.2,1,0,0,0,0,1,1
362,62,38,170,92407,4,4.6,1,0,0,0,0,1,1
363,32,9,104,93066,2,2.9,1,0,0,0,0,0,0
364,62,37,71,91221,3,1.1,3,0,0,1,0,0,0
365,28,7,66,94016,2,1.3,3,0,0,0,0,1,1
366,45,25,84,94405,1,2.8,1,0,0,0,0,0,1
367,43,23,120,94708,2,5.3,2,0,1,0,1,0,0
368,36,13,50,91466,1,1.4,1,0,0,0,0,0,1
369,23,0,111,92602,4,3.0,1,0,1,0,0,1,0
370,56,35,70,92633,2,2.7,2,0,0,0,1,0,1
371,37,13,76,95461,4,1.3,3,0,0,0,0,1,0
372,52,28,241,95745,4,6.4,3,149,1,0,0,1,0
373,41,19,106,92968,1,2.0,1,274,0,0,0,1,1
374,39,18,57,92516,2,2.2,2,470,0,0,0,1,0
375,61,37,92,90136,1,1.4,1,0,0,0,0,1,0
376,27,3,123,92089,1,3.6,1,0,0,0,0,1,1
377,55,34,106,90435,4,3.8,1,0,0,1,0,0,0
378,55,34,22,92620,3,1.0,1,0,0,0,0,1,0
379,39,17,74,92397,2,3.1,1,554,0,0,0,0,0
380,34,11,95,91544,1,4.8,1,0,0,0,0,1,1
381,23,3,91,96051,3,3.6,2,252,0,0,0,1,0
382,64,39,59,94541,3,1.5,1,0,0,0,0,1,1
383,64,42,107,93982,1,2.1,1,56,0,0,0,0,1
384,33,11,132,94207,1,1.6,3,444,0,0,0,1,1
385,24,4,30,92140,2,0.7,3,125,0,0,0,0,0
386,28,3,28,91566,3,0.4,1,0,1,0,1,1,1
387,25,4,92,95270,4,2.4,1,213,0,0,0,0,1
388,59,34,112,92605,2,4.5,1,0,1,0,0,1,0
389,62,40,55,94425,1,2.2,3,0,0,0,0,0,0
390,29,4,23,93297,4,0.5,1,0,0,0,0,0,0
391,55,34,75,90130,2,2.4,1,511,0,0,0,0,0
392,30,10,91,95378,3,1.8,3,0,0,0,0,1,1
393,39,15,64,90123,1,2.0,3,545,0,0,0,1,0
394,49,25,125,92079,1,4.0,1,0,1,0,0,1,1
395,54,31,88,94668,1,2.0,1,0,0,0,0,0,1
396,61,41,52,93585,4,1.1,1,0,0,1,0,1,1
397,24,0,54,95111,1,2.8,1,54,0,0,0,1,0
398,31,9,76,95827,4,2.5,1,0,0,0,0,1,1
399,35,10,62,94407,4,2.1,3,0,0,0,0,1,0
400,36,11,28,91618,3,0.3,3,513,0,0,0,0,0
401,66,41,85,90022,4,1.5,2,0,0,0,0,0,0
402,57,33,55,94515,4,1.4,2,0,0,0,0,1,0
403,37,13,60,91975,3,3.1,2,0,0,0,0,0,1
404,65,42,42,94062,4,0.7,1,0,0,0,0,0,1
405,44,24,159,93163,3,3.7,3,361,1,0,0,0,1
406,45,23,102,90927,1,5.4,1,460,1,0,0,1,1
407,42,18,179,92262,1,5.5,1,0,1,1,0,0,1
408,29,5,64,96105,2,1.5,1,0,0,1,0,0,1
409,64,41,105,91995,2,3.9,3,237,0,0,0,0,0
410,23,0,85,94850,2,2.7,2,0,0,0,0,0,0
411,30,10,53,94322,1,2.7,2,0,0,0,0,1,0
412,33,11,64,92657,3,0.9,2,303,0,0,0,1,0
413,35,12,102,94707,2,4.5,3,156,1,0,0,1,1
414,28,3,42,93470,4,0.9,1,0,0,0,0,1,1
415,23,2,125,93861,4,5.6,1,0,1,0,0,0,0
416,52,31,82,92237,3,3.8,3,0,0,0,0,0,0
417,65,43,117,95838,4,5.5,2,234,0,0,0,1,1
418,28,7,92,91622,2,4.4,2,0,0,0,0,1,0
419,36,13,30,93327,4,1.2,1,0,0,0,0,0,0
420,45,22,74,95556,4,1.2,3,0,0,1,0,1,0
421,63,39,127,94402,1,1.6,1,0,0,0,0,1,0
422,53,28,81,93627,3,2.0,3,179,1,0,0,0,1
423,56,36,75,90501,2,2.4,3,0,0,0,0,1,0
424,48,27,81,92290,2,1.9,3,0,0,0,1,0,1
425,41,20,26,92779,2,1.1,1,76,0,0,0,0,0
426,31,10,133,95278,4,5.5,2,0,1,1,0,0,1
427,61,37,20,95299,4,1.0,1,0,0,0,0,1,0
428,58,38,148,92742,2,4.0,1,122,0,0,0,1,1
429,24,4,62,92203,2,2.7,1,52,0,0,0,1,0
430,54,29,95,91145,3,4.0,1,0,0,0,0,1,0
431,26,1,25,92965,3,1.3,1,0,0,0,0,1,0
432,55,34,111,90945,2,4.8,2,0,1,0,0,0,0
433,59,38,101,91031,2,2.3,1,0,0,0,0,1,0
434,28,5,98,95833,4,1.0,1,505,1,0,1,0,0
435,42,19,25,93336,2,1.3,1,0,0,0,0,0,0
436,28,3,49,92370,2,2.0,2,0,0,0,0,1,1
437,47,25,92,92612,2,4.2,1,309,1,0,0,1,0
438,63,43,131,92451,2,5.8,3,147,1,1,0,1,0
439,26,4,45,95208,3,1.9,1,0,0,0,0,0,0
440,40,17,46,93333,3,2.0,2,0,0,0,0,1,1
441,65,42,89,93998,1,4.5,3,0,0,0,0,1,0
442,36,13,230,93573,4,11.4,2,0,1,1,0,0,0
443,28,3,53,93495,2,1.4,2,226,0,0,0,1,0
444,44,20,61,92679,1,0.7,3,502,0,0,0,1,0
445,45,24,57,94764,3,0.7,1,0,0,0,0,1,0
446,52,30,70,95802,1,2.1,1,0,0,0,0,1,1
447,36,12,137,92136,4,6.3,3,506,1,0,0,0,1
448,65,43,72,92052,4,3.4,3,0,0,0,0,0,0
449,45,23,241,94719,3,6.6,2,0,1,0,0,1,0
450,35,14,80,90700,4,1.8,1,405,0,0,0,0,0
451,65,44,144,92814,2,4.6,1,557,1,0,0,1,0
452,63,39,64,96171,2,2.9,3,0,0,0,0,1,0
453,44,19,37,94323,3,1.4,2,0,0,0,0,0,1
454,24,0,72,91362,2,1.2,1,273,0,0,0,1,1
455,49,28,99,92540,4,2.5,1,0,0,0,0,0,0
456,47,27,49,95856,2,1.7,3,596,0,0,0,1,0
457,29,9,132,93268,2,4.4,2,0,1,1,0,1,0
458,50,28,58,95243,3,2.7,3,0,0,0,0,1,0
459,59,36,42,95034,1,2.1,1,0,0,0,0,0,0
460,27,2,217,94820,3,3.1,1,0,0,0,0,1,1
461,54,29,48,94016,4,0.9,1,0,0,0,0,0,0
462,29,9,57,90823,4,1.5,2,0,0,0,0,1,1
463,55,31,108,91818,1,2.5,1,0,1,0,1,1,0
464,41,20,63,90215,1,1.7,1,525,0,0,0,0,0
465,23,2,43,92697,1,0.5,1,529,0,1,0,1,0
466,65,42,54,91059,4,0.7,1,0,0,0,0,1,0
467,30,10,186,93736,2,8.6,3,0,1,0,0,1,1
468,49,27,101,92490,1,1.5,1,0,0,0,0,1,0
469,30,7,111,95831,3,5.1,2,0,0,0,0,0,0
470,64,43,86,94910,4,2.0,2,280,0,0,0,0,1
471,55,32,94,91397,1,2.2,1,0,0,0,0,1,0
472,58,36,60,92434,1,0.9,2,397,0,1,0,0,0
473,42,18,81,92584,1,0.9,3,0,0,0,0,1,0
474,43,22,23,90193,1,0.6,2,0,0,1,0,0,0
475,50,30,122,94505,1,5.6,2,0,1,0,0,0,1
476,57,34,60,90444,1,3.0,3,0,0,0,0,0,0
477,60,39,39,95083,3,0.5,3,0,0,1,0,0,0
478,23,0,83,92855,1,0.9,3,0,0,0,0,0,0
479,52,32,68,92817,3,1.1,1,381,0,0,0,0,0
480,27,4,120,90178,2,5.2,2,337,1,1,0,0,0
481,35,10,73,93893,3,1.4,2,0,0,0,0,0,0
482,59,39,54,94685,3,1.1,1,66,0,0,0,1,0
483,34,13,74,92560,3,3.6,2,0,0,1,0,0,0
484,58,33,152,91519,4,7.3,3,0,1,1,0,0,0
485,43,20,122,96191,1,4.8,1,0,0,0,0,0,0
486,33,12,101,93020,3,1.7,3,0,0,0,0,0,0
487,37,16,125,94092,2,3.3,3,0,1,0,0,1,1
488,46,22,105,94912,3,2.1,1,0,0,0,0,1,0
489,56,31,46,93652,1,1.8,1,0,0,1,0,1,0
490,49,27,112,93425,2,4.9,3,467,1,0,0,1,1
491,64,42,133,94246,4,2.1,1,0,0,0,0,0,0
492,61,37,137,95474,4,6.7,3,0,1,0,0,1,0
493,56,35,41,94245,2,1.2,1,227,0,0,0,1,0
494,49,28,57,95251,1,2.5,1,0,0,0,0,1,1
495,35,11,53,91741,3,0.6,1,0,0,0,0,0,1
496,41,20,64,91074,2,1.6,1,123,0,0,0,1,1
497,28,4,95,90626,2,1.0,3,0,0,0,0,1,0
498,39,17,82,90139,1,3.4,1,74,0,0,0,1,0
499,63,38,82,92762,2,1.1,1,0,0,1,0,1,0
500,41,21,35,95358,1,0.9,2,0,0,0,0,0,0
501,28,3,56,90405,1,2.5,3,0,0,0,0,0,0
502,51,30,142,94065,3,6.0,1,0,0,1,0,1,0
503,65,45,132,94960,4,5.0,3,0,1,0,0,0,0
504,61,37,73,95697,1,2.9,1,478,0,0,0,0,0
505,35,12,112,95024,1,4.3,3,0,1,1,0,1,0
506,42,17,91,90515,1,3.4,3,0,0,0,0,1,0
507,46,26,118,90936,3,3.0,3,0,1,0,0,1,0
508,33,13,115,96119,4,1.3,2,0,0,0,0,1,0
509,34,11,76,90582,2,2.2,3,345,0,0,1,1,0
510,33,8,101,96103,1,1.2,1,561,0,0,0,0,0
511,66,44,94,95848,1,2.8,3,408,0,0,0,1,0
512,55,31,77,91662,3,2.3,3,0,0,0,0,0,0
513,59,34,68,95003,2,1.2,1,0,0,1,0,1,0
514,58,33,172,90363,2,7.6,3,0,1,0,0,1,0
515,65,42,77,90790,1,3.1,3,0,0,0,0,0,0
516,27,3,108,92306,4,3.7,3,315,1,0,0,0,0
517,61,38,165,91413,2,8.3,1,0,1,0,0,0,0
518,25,1,101,92692,3,2.3,3,103,1,0,0,1,0
519,43,20,99,91677,3,2.1,1,202,1,0,0,1,0
520,49,26,77,91667,1,1.4,3,0,0,0,0,1,1
521,38,16,95,92202,1,3.2,1,99,0,0,0,1,1
522,29,6,65,90335,4,1.2,2,466,1,0,0,1,0
523,31,7,258,94293,4,12.3,1,0,1,0,0,0,0
524,59,34,35,95374,2,0.8,3,0,0,0,0,1,1
525,37,14,71,92481,1,2.2,1,0,0,0,0,0,0
526,36,16,102,91310,2,3.4,3,307,0,0,0,0,1
527,63,40,99,95595,4,2.3,3,413,0,0,0,1,1
528,29,8,65,95413,3,2.7,1,320,0,0,0,1,0
529,63,43,29,92861,1,1.2,3,64,0,0,0,0,0
530,63,43,39,91603,3,1.7,2,0,0,0,0,1,1
531,49,26,85,94638,1,3.1,2,118,0,0,0,1,0
532,30,5,24,95269,2,0.7,1,0,0,0,0,1,0
533,29,6,106,90199,2,3.1,1,451,0,0,0,1,0
534,35,13,138,91753,2,5.7,1,0,1,0,0,1,0
535,48,28,115,95347,3,3.0,2,214,0,0,0,1,0
536,29,5,127,90624,1,3.7,2,595,1,0,0,1,0
537,43,23,25,91532,4,0.4,2,571,0,1,0,0,1
538,28,3,67,95100,3,2.6,3,0,0,0,0,0,0
539,46,22,44,95051,2,0.6,1,0,0,0,0,1,1
540,23,0,31,91720,4,1.6,3,0,0,0,1,1,0
541,54,33,59,95387,2,1.0,3,392,0,1,0,1,0
542,25,5,163,91914,2,4.3,3,0,1,0,0,1,0
543,31,10,187,91284,1,3.8,2,0,1,0,0,1,0
544,30,6,47,92528,4,1.1,1,0,0,0,1,0,0
545,59,38,80,93690,4,1.9,3,0,1,0,1,1,1
546,25,0,94,93756,1,3.9,3,0,1,0,0,0,0
547,41,21,67,91614,4,1.2,3,0,0,0,0,1,0
548,49,29,143,93944,4,3.1,1,0,0,0,0,1,0
549,45,24,60,90109,2,0.9,2,0,0,0,0,0,0
550,52,28,55,90469,4,1.3,1,531,0,0,0,0,0
551,58,35,48,91545,3,2.4,2,501,0,0,0,1,0
552,40,18,67,95909,3,1.8,3,124,0,0,0,1,0
553,59,36,16,94363,1,0.7,1,0,0,0,0,1,0
554,36,13,68,90322,1,2.0,1,0,1,0,0,0,0
555,66,43,82,90432,3,2.4,1,0,0,0,0,1,1
556,45,22,85,95182,2,3.9,1,0,0,0,0,1,1
557,55,35,42,93134,4,0.5,1,0,0,0,0,1,0
558,61,40,84,94435,1,4.0,1,0,1,0,0,0,0
559,57,34,83,91923,4,2.6,1,390,0,0,0,1,0
560,60,40,84,91794,3,2.1,2,277,1,0,0,1,1
561,46,24,117,90981,4,5.8,3,0,1,0,0,0,0
562,24,4,42,93702,4,1.0,1,0,0,0,0,0,0
563,44,20,67,93552,4,3.5,1,0,0,0,0,0,0
564,30,10,28,93407,2,1.4,3,0,0,0,0,1,0
565,62,42,111,95785,3,2.4,1,143,0,0,0,1,0
566,33,10,45,94135,1,1.1,1,0,0,0,0,0,0
567,33,12,126,95781,2,5.7,2,0,1,0,0,0,1
568,33,11,128,94573,2,2.4,3,0,1,0,1,1,0
569,51,30,71,90814,2,3.0,1,0,1,0,0,1,0
570,48,27,69,93192,3,1.1,3,553,1,0,0,0,1
571,64,40,34,96025,1,0.6,1,0,0,0,0,1,0
572,41,17,78,94440,3,2.5,1,421,1,1,0,0,0
573,35,14,116,90722,2,4.9,1,0,1,1,0,1,0
574,25,1,90,91228,1,3.8,3,0,1,0,0,0,1
575,23,0,152,90478,3,5.5,2,0,0,0,0,1,0
576,39,16,63,94293,4,1.4,2,0,1,0,0,1,0
577,63,40,63,92711,3,1.8,3,289,0,0,0,0,1
578,46,21,47,92652,1,1.0,2,0,0,1,0,0,1
579,62,40,205,96052,3,4.5,1,0,1,0,0,1,1
580,27,5,33,95834,3,0.8,3,0,0,0,0,1,0
581,27,4,112,90587,3,4.0,1,294,1,0,0,1,1
582,59,34,117,95304,2,2.2,2,0,1,0,0,0,0
583,27,3,115,95798,1,1.4,3,0,1,0,0,1,0
584,25,5,49,90008,1,2.0,2,411,0,0,1,1,0
585,40,18,37,95666,2,0.4,1,0,0,0,0,1,1
586,63,39,71,94715,3,3.7,2,0,0,0,0,0,0
587,53,32,103,91751,3,2.6,1,213,0,0,0,1,0
588,27,2,55,93735,3,0.6,1,0,0,0,1,0,0
589,59,35,66,90260,2,3.2,2,0,0,0,0,0,0
590,60,35,56,94428,2,2.0,1,500,0,0,0,0,0
591,58,38,81,92136,1,3.7,1,305,1,0,0,1,0
592,62,39,78,91601,4,2.3,2,0,0,0,1,1,0
593,33,10,167,94919,2,4.2,1,0,1,0,0,0,0
594,66,43,105,94952,3,4.0,1,561,0,0,0,1,1
595,37,12,38,92201,2,1.0,3,0,0,0,0,0,0
596,58,36,39,90872,2,1.3,1,0,0,0,0,1,0
597,48,25,113,94589,1,2.5,1,0,0,0,0,0,0
598,57,33,78,95572,4,1.9,3,0,0,0,0,0,1
599,50,26,199,95431,1,2.7,1,194,1,0,0,0,0
600,51,27,198,92693,4,8.7,3,290,1,0,0,0,1
601,50,28,47,93216,1,1.2,2,0,0,0,0,1,0
602,57,32,91,90659,1,4.8,2,0,1,0,0,1,1
603,55,35,40,92027,4,0.9,1,0,0,0,0,1,0
604,28,6,112,94344,4,3.4,1,0,1,0,0,0,0
605,59,36,179,94744,4,4.2,3,0,1,0,1,1,1
606,46,26,84,92398,4,3.4,1,0,1,0,0,1,0
607,37,15,62,95713,2,2.8,3,203,0,0,0,1,0
608,45,22,95,91577,1,3.0,3,0,0,1,0,0,0
609,65,42,124,94349,3,3.2,3,0,1,0,0,0,0
610,60,40,124,94148,3,5.2,1,0,0,0,0,0,0
611,59,38,62,93687,3,1.1,3,0,0,0,1,1,0
612,43,22,54,92067,1,1.9,3,0,0,0,0,0,0
613,57,34,88,94402,1,3.7,1,159,0,1,0,1,0
614,39,18,65,91345,3,1.4,3,241,0,0,1,0,0
615,53,30,143,95141,4,5.5,1,386,1,0,0,0,0
616,51,27,64,93737,4,2.7,3,0,0,0,0,1,1
617,33,9,81,92545,3,1.2,1,0,0,0,0,1,0
618,34,13,94,92172,2,2.3,1,0,0,0,0,1,1
619,25,0,34,90777,2,0.9,2,0,0,0,0,1,0
620,29,9,57,90327,3,2.5,1,0,0,0,0,1,1
621,42,22,194,91943,3,6.7,1,0,1,0,0,1,1
622,44,24,121,91406,1,3.6,1,0,0,0,0,1,1
623,30,9,64,94260,2,1.5,3,171,1,0,0,1,0
624,41,16,112,92795,3,1.1,1,0,0,0,0,1,0
625,49,28,142,90952,4,1.5,2,460,0,0,0,0,0
626,33,9,69,93561,4,1.4,2,117,0,0,0,0,0
627,37,15,118,93937,4,1.8,2,0,1,1,0,1,0
628,39,19,109,93016,1,1.7,1,0,0,0,0,0,0
629,45,23,40,94049,2,1.4,1,0,0,0,0,0,1
630,39,19,69,95696,3,2.5,3,0,0,0,0,1,0
631,55,33,169,93706,4,2.0,3,482,0,0,0,0,0
632,37,14,191,92118,2,6.8,3,482,1,0,0,0,0
633,42,19,122,93884,4,2.0,3,0,1,0,0,0,1
634,39,18,56,95377,3,1.5,3,0,0,0,0,1,0
635,31,7,21,93975,3,1.1,3,0,0,0,0,1,0
636,53,30,52,92967,3,1.7,2,0,0,0,0,1,0
637,33,12,37,90716,4,0.4,3,0,0,0,0,0,0
638,36,14,176,94224,3,4.4,1,148,1,0,0,0,0
639,57,37,27,94857,3,1.1,1,0,0,0,0,1,0
640,64,39,41,93349,2,0.8,2,0,0,0,0,1,0
641,52,28,87,93915,2,4.5,2,0,0,0,0,1,0
642,63,42,78,90674,3,2.2,2,0,0,0,0,0,0
643,60,36,165,95995,4,1.8,2,0,1,0,0,1,0
644,44,20,106,92619,3,3.5,2,0,1,0,0,1,0
645,56,33,72,95473,4,2.8,3,0,0,1,0,1,1
646,37,17,145,94186,3,4.3,1,448,1,0,0,1,0
647,43,18,63,94466,2,3.2,1,0,0,0,0,0,0
648,46,21,172,91711,3,8.4,3,0,1,0,0,1,1
649,65,40,48,91628,3,0.8,2,0,0,0,0,1,0
650,60,35,15,92047,4,0.2,3,0,0,0,0,0,0
651,44,19,76,91670,2,1.8,1,0,0,0,1,1,0
652,51,27,23,94347,1,0.8,1,0,0,0,0,1,1
653,31,11,125,90950,1,4.5,3,97,0,0,0,0,0
654,58,36,84,94548,1,1.8,1,0,0,0,0,0,0
655,47,26,172,90912,3,8.8,2,560,1,0,0,1,0
656,46,25,68,93324,4,1.6,1,0,0,1,0,0,1
657,56,32,34,91814,3,1.5,2,0,0,0,0,1,0
658,50,26,99,94565,1,4.6,3,123,1,0,0,0,0
659,26,3,58,91777,2,0.8,1,0,0,0,0,0,1
660,35,11,116,95220,4,2.3,1,0,0,0,0,1,0
661,30,10,49,95423,1,0.9,3,0,0,0,0,0,0
662,55,34,156,93154,3,7.8,1,0,1,0,0,1,0
663,24,0,81,90145,2,2.0,1,0,0,0,0,1,0
664,31,9,72,94312,4,3.3,2,0,0,0,1,1,0
665,49,26,150,94235,3,4.6,2,532,1,1,0,0,0
666,53,31,126,90076,3,3.8,2,0,0,0,0,1,0
667,45,24,52,93491,3,2.6,1,0,0,0,0,0,1
668,60,36,124,90181,4,3.6,1,0,0,0,1,1,0
669,63,39,111,91533,3,4.7,1,0,0,0,0,1,0
670,28,4,74,93736,3,2.1,3,424,0,0,1,0,0
671,64,42,119,92874,4,1.7,1,0,0,0,0,1,0
672,50,27,156,93941,3,1.9,3,0,1,0,0,0,1
673,50,25,76,92577,3,1.4,1,0,1,0,0,0,0
674,27,4,76,91821,2,3.1,1,444,0,0,0,0,0
675,50,28,73,90431,2,1.9,3,0,0,0,0,1,0
676,54,33,51,93829,1,1.5,1,0,0,0,0,1,1
677,48,25,75,93359,3,1.1,2,0,0,0,0,1,0
678,26,4,71,90630,2,2.6,3,0,0,0,0,0,1
679,46,23,68,90715,4,3.0,3,0,0,0,0,1,0
680,64,44,68,94770,4,2.5,2,0,0,0,0,0,0
681,54,33,41,95125,4,2.2,3,177,0,0,0,0,0
682,29,5,133,92189,2,1.4,1,0,1,0,1,0,1
683,65,43,57,96070,3,0.6,3,0,0,0,0,0,0
684,65,43,160,93542,4,5.1,1,592,1,0,0,0,1
685,30,7,46,93393,3,1.0,1,0,0,0,0,1,1
686,58,36,180,96071,3,7.2,2,583,1,0,0,0,0
687,40,16,64,93809,2,2.8,1,0,0,1,0,1,0
688,49,28,125,93202,2,1.8,3,0,0,0,0,0,0
689,42,18,84,90767,3,4.2,1,0,0,0,0,1,0
690,57,36,38,93265,4,0.4,1,503,0,0,0,0,0
691,66,44,39,92029,1,1.6,2,242,0,0,0,1,0
692,57,34,54,90639,1,1.4,2,0,0,0,0,0,0
693,63,38,62,93306,1,2.4,3,0,0,1,0,1,0
694,64,43,77,90274,3,1.1,1,340,0,0,0,0,1
695,26,3,94,95752,2,4.8,1,0,1,1,0,1,1
696,34,14,71,95720,2,3.6,1,0,0,0,0,1,1
697,54,34,91,94487,4,3.0,2,0,0,0,0,0,0
698,48,24,99,95372,1,3.2,1,413,0,0,0,0,0
699,25,1,70,95123,1,2.6,3,127,0,0,0,1,0
700,27,5,110,95024,1,3.9,1,0,1,0,0,1,1
701,45,22,123,90777,2,4.1,3,0,1,0,0,0,0
702,50,28,100,96164,3,3.6,2,0,0,0,0,1,1
703,30,9,103,91457,1,4.9,2,244,1,0,0,1,0
704,30,8,87,90600,1,3.2,1,0,0,0,0,0,0
705,28,7,139,95443,1,2.6,1,0,1,0,1,1,0
706,47,23,78,94747,4,3.9,1,196,0,0,0,0,0
707,23,1,55,93715,1,1.1,2,0,0,0,0,1,0
708,48,27,79,90693,3,1.4,2,0,0,0,0,0,0
709,43,20,38,91974,3,2.0,1,0,0,0,0,1,0
710,43,19,36,93935,1,0.7,1,0,0,0,0,1,1
711,52,31,123,94362,3,1.8,3,0,0,0,0,0,1
712,45,20,162,94451,2,5.6,1,0,0,0,0,0,0
713,55,33,65,91546,3,3.0,1,495,0,0,0,0,1
714,56,33,124,94299,1,1.6,1,0,0,0,0,0,0
715,63,38,28,90687,3,0.9,1,314,0,1,0,1,1
716,58,36,26,91642,4,0.3,2,384,0,0,0,0,0
717,45,24,141,90108,1,4.0,2,0,1,0,0,1,0
718,44,20,101,95476,3,2.5,2,0,0,0,0,1,1
719,33,13,78,92280,3,1.2,2,0,0,0,0,1,1
720,49,27,175,93509,1,8.8,1,70,1,0,0,1,0
721,29,4,72,90062,3,2.7,1,515,1,0,0,1,1
722,63,41,44,95663,3,2.0,3,290,0,0,0,1,1
723,60,36,33,92476,2,1.6,1,596,0,0,0,0,1
724,28,5,79,92756,2,4.0,1,536,0,0,0,0,0
725,57,36,87,92221,3,3.7,2,0,0,0,0,1,0
726,28,7,70,92126,3,1.6,3,56,0,0,0,1,0
727,54,31,125,91902,4,5.7,1,0,1,0,0,1,0
728,26,6,152,95571,1,4.9,3,209,0,0,0,0,0
729,44,22,65,90491,4,1.4,1,0,0,1,0,1,0
730,51,29,28,95057,1,0.7,3,244,0,0,0,0,0
731,55,30,91,91582,3,2.1,1,575,0,1,0,1,0
732,41,21,140,90533,2,4.2,3,0,0,0,0,0,0
733,63,38,65,95409,1,2.9,1,0,0,1,0,0,1
734,57,35,103,92719,3,3.2,3,0,1,0,0,1,0
735,32,9,42,95605,3,0.9,2,0,0,0,0,0,0
736,52,29,90,90469,3,1.2,3,0,0,0,1,1,1
737,55,34,104,90448,2,4.9,3,0,1,0,0,1,1
738,37,12,92,95395,2,2.6,2,169,0,0,0,1,1
739,55,34,200,91570,3,5.8,1,290,1,0,0,1,1
740,62,42,161,92965,1,6.9,1,0,1,0,0,0,1
741,58,34,113,91017,4,5.3,3,0,0,0,0,1,0
742,56,33,133,91621,3,4.3,3,155,1,0,0,0,0
743,50,25,90,93579,4,3.4,1,0,0,1,0,0,1
744,34,12,76,90435,1,1.5,1,0,0,0,0,0,0
745,57,37,62,94778,3,3.1,1,0,0,0,0,1,0
746,39,19,41,91816,3,1.4,1,139,0,0,0,1,0
747,46,24,164,95641,4,6.8,1,0,1,0,0,0,0
748,36,15,204,92261,2,3.0,3,0,1,0,0,1,0
749,36,11,80,94474,4,3.0,1,0,0,0,0,0,1
750,29,9,81,96016,1,2.1,3,0,0,0,0,1,1
751,65,40,107,94055,4,3.2,3,0,0,0,0,1,0
752,29,8,72,96138,3,2.8,1,216,0,0,0,0,0
753,26,6,44,94438,4,2.0,2,592,0,0,0,0,1
754,64,43,37,92869,1,0.9,2,0,0,0,0,1,0
755,47,27,200,96098,2,9.6,1,0,1,0,0,0,0
756,42,20,30,95665,3,0.6,3,0,0,1,0,1,0
757,55,34,93,95780,3,3.2,2,0,0,0,0,1,0
758,39,16,32,94952,1,0.5,1,0,0,0,0,1,1
759,28,5,74,90605,3,1.7,3,0,0,1,0,0,1
760,55,35,65,94770,2,3.2,1,0,0,0,0,0,1
761,30,10,35,91413,1,0.4,1,115,0,0,0,0,1
762,47,27,109,91666,3,5.4,3,0,1,0,0,1,0
763,64,43,43,94830,3,1.0,1,254,0,0,0,0,0
764,64,44,33,94603,1,1.3,1,0,0,0,0,1,0
765,38,17,115,90462,4,1.6,1,0,0,0,0,1,0
766,57,34,65,96144,3,2.5,1,0,0,1,1,0,0
767,49,28,52,94267,2,2.6,2,239,0,0,0,1,1
768,44,23,119,95207,4,4.1,2,0,0,0,0,1,0
769,29,7,42,95603,4,1.1,1,248,0,0,0,0,0
770,39,16,28,93361,4,1.2,2,0,0,0,0,0,0
771,51,30,147,92063,4,6.0,1,0,1,0,0,1,0
772,66,45,185,90005,1,2.8,1,0,1,1,1,0,0
773,23,1,73,94465,1,2.8,3,84,1,0,1,0,1
774,54,34,14,92335,1,0.5,3,0,0,0,0,1,1
775,60,38,73,92603,4,3.1,3,180,0,0,0,0,0
776,64,39,122,94055,2,2.9,1,0,0,0,0,1,0
777,41,19,139,92578,2,3.8,2,0,1,0,0,1,1
778,28,8,44,90858,4,2.3,3,227,0,0,0,1,1
779,34,10,67,95396,1,2.3,3,0,0,0,0,1,0
780,60,40,90,92515,2,2.9,3,326,0,0,0,0,0
781,61,40,119,94462,2,6.3,2,0,1,0,0,1,0
782,51,31,112,94403,2,2.2,1,0,0,0,0,1,0
783,28,3,103,91545,3,2.8,1,0,1,0,0,1,1
784,28,3,139,95526,3,6.0,1,0,1,0,0,0,1
785,44,21,76,96130,2,3.1,1,0,0,1,0,1,0
786,48,25,165,94348,1,8.6,1,0,1,0,0,1,1
787,24,1,58,95270,3,2.2,2,0,0,0,0,0,0
788,53,30,113,93785,3,2.7,2,301,1,0,0,1,1
789,46,23,62,91911,3,1.7,2,0,0,0,0,0,0
790,23,0,74,91400,2,1.0,2,0,0,0,0,1,0
791,27,3,80,95845,4,4.0,1,201,1,0,0,1,1
792,42,22,60,94160,3,0.9,2,0,0,0,0,1,0
793,54,32,142,93007,4,4.8,3,330,1,0,0,0,0
794,59,34,64,95198,3,1.8,2,0,0,1,0,0,1
795,41,19,78,93481,2,1.2,3,593,0,0,0,1,1
796,35,14,106,92714,2,2.4,1,0,0,0,0,0,0
797,65,40,246,90370,3,9.2,2,433,1,0,0,0,0
798,43,20,108,95512,3,1.2,2,227,0,0,0,1,1
799,36,13,82,90440,3,4.3,2,0,1,0,0,1,0
800,42,20,26,92100,3,1.3,3,0,0,0,0,1,0
801,23,3,73,93734,2,1.0,2,0,0,1,0,1,0
802,36,14,55,93922,1,2.6,3,0,0,0,0,0,0
803,45,23,66,94024,2,1.6,3,0,0,0,0,0,0
804,63,38,62,95215,4,0.8,3,0,0,0,0,0,1
805,55,34,106,93171,3,2.5,1,431,1,0,0,0,1
806,57,37,72,95504,4,3.2,1,0,0,0,0,0,0
807,46,24,48,93614,3,1.9,3,0,1,0,1,0,0
808,27,2,125,92903,4,2.5,3,153,0,0,0,0,0
809,40,18,39,92391,1,1.6,3,445,0,0,0,0,0
810,66,44,80,92856,3,3.3,1,272,0,0,0,0,1
811,24,0,73,92941,1,3.1,3,0,0,0,0,0,0
812,61,38,95,95861,1,3.2,3,0,1,0,0,1,0
813,53,32,140,91029,1,6.4,3,0,1,0,0,1,0
814,35,10,267,92891,2,10.1,2,0,1,0,0,0,0
815,57,34,82,90772,1,1.3,1,0,0,0,0,1,0
816,59,39,54,90020,2,2.4,2,0,0,0,0,1,0
817,24,2,52,92818,1,1.2,2,0,0,1,0,1,1
818,27,2,51,93005,1,2.1,1,0,0,0,0,1,0
819,52,30,93,91817,2,3.7,1,251,0,0,0,1,0
820,66,43,23,93746,2,0.6,3,444,0,0,0,1,0
821,24,1,38,90100,2,0.6,1,0,0,0,0,0,0
822,52,28,93,94611,2,3.7,2,0,0,0,0,0,1
823,29,4,128,92582,2,6.0,2,127,1,0,0,1,0
824,51,31,129,90490,1,6.0,3,0,1,0,0,1,0
825,50,27,84,95764,2,3.1,2,0,0,0,0,1,1
826,26,3,120,93566,4,2.4,1,0,0,0,1,1,0
827,52,32,141,92926,1,3.3,1,0,0,0,0,0,0
828,62,38,63,93788,1,2.7,1,0,0,0,0,0,1
829,60,40,134,93417,4,3.7,1,0,0,0,0,1,1
830,24,2,31,94214,3,1.3,3,0,0,0,0,1,0
831,33,12,37,94506,2,0.9,1,0,0,0,0,0,1
832,33,13,66,91688,4,0.7,1,186,0,0,0,0,1
833,42,18,29,94003,2,1.0,3,0,0,0,0,0,0
834,29,8,106,94753,3,3.8,1,0,1,0,0,1,1
835,60,39,58,90860,3,2.2,1,0,1,0,1,1,1
836,57,32,73,94894,1,1.6,2,0,0,1,1,1,0
837,58,33,75,92154,4,3.4,1,56,0,0,0,1,0
838,31,11,65,90850,3,2.0,1,0,0,0,0,0,1
839,23,2,51,94403,1,2.2,3,0,0,0,0,1,1
840,63,39,104,94787,4,3.8,3,470,0,0,0,0,1
841,35,11,58,93440,3,1.6,3,0,0,0,0,0,0
842,51,26,74,93821,4,2.9,2,0,0,0,0,0,0
843,63,40,95,92809,4,3.3,1,0,1,0,0,0,1
844,24,4,141,92706,2,4.5,3,0,1,0,0,1,0
845,23,0,135,92022,4,5.1,2,0,1,0,0,0,0
846,23,3,61,94830,1,0.8,1,0,0,0,0,0,0
847,29,9,50,93033,2,2.5,1,0,0,0,0,1,0
848,25,1,156,90790,3,3.8,2,0,1,0,0,1,0
849,59,36,58,91494,3,1.1,1,0,0,0,0,1,0
850,49,29,102,92215,1,4.4,1,0,0,0,0,1,1
851,66,45,28,94623,1,0.6,1,341,0,0,1,0,1
852,58,35,23,95535,4,1.2,2,0,0,0,0,1,1
853,65,44,82,91031,4,2.3,1,0,0,0,0,1,0
854,33,9,69,90887,3,1.6,2,0,0,0,0,0,0
855,35,13,115,93224,3,1.5,1,0,0,0,0,0,1
856,60,37,52,95752,4,0.6,2,111,0,0,0,1,1
857,33,11,92,91790,1,1.3,1,0,0,0,0,0,0
858,25,3,112,93901,4,1.1,1,0,0,0,0,0,0
859,52,30,53,94479,1,1.3,2,0,0,0,0,1,0
860,58,34,66,90041,3,1.5,2,0,0,1,0,1,0
861,65,42,41,92260,2,1.2,1,0,0,0,0,1,0
862,63,40,118,90964,4,2.4,2,0,0,0,0,0,1
863,28,5,104,96128,1,1.3,3,0,0,0,0,0,0
864,56,35,109,90323,3,1.4,1,0,0,0,0,1,0
865,60,35,69,90812,1,1.2,2,0,0,0,0,0,0
866,53,30,104,94787,1,2.5,2,0,0,0,0,1,1
867,59,35,16,90984,2,0.3,3,0,0,0,1,0,0
868,59,34,72,91576,4,1.9,2,0,0,0,0,1,0
869,42,17,170,93437,2,8.5,3,64,1,0,0,1,0
870,24,0,78,93532,3,1.7,2,0,0,0,0,0,0
871,43,19,131,96186,3,2.3,2,0,0,0,0,0,1
872,31,9,69,95274,4,2.7,1,348,0,0,0,1,0
873,28,4,151,95193,2,4.7,2,257,0,0,0,0,1
874,28,7,50,95593,1,0.6,1,0,0,0,0,1,0
875,53,29,98,93459,4,4.3,1,0,1,0,0,0,0
876,45,25,55,95213,2,2.3,1,0,0,0,0,1,0
877,46,21,89,94386,1,4.7,2,0,1,0,0,1,0
878,55,34,58,93117,4,2.9,3,0,0,0,0,1,0
879,47,24,78,95810,4,2.8,3,490,1,0,0,1,0
880,50,30,62,90884,1,2.5,1,0,0,0,0,1,1
881,26,6,110,92378,4,3.1,3,0,0,0,0,1,0
882,60,35,100,92154,3,4.9,3,0,1,0,0,0,0
883,42,17,54,93366,2,1.8,3,0,0,0,0,1,0
884,29,8,53,92076,3,1.3,3,0,0,0,0,0,1
885,58,38,47,92630,1,0.5,1,365,0,0,0,1,0
886,55,31,43,96141,1,1.5,3,223,0,1,0,0,1
887,25,0,114,94658,1,3.7,2,0,0,0,0,0,1
888,31,10,46,95002,1,2.1,3,312,0,0,0,0,0
889,23,0,93,92181,3,1.7,1,0,0,0,0,1,0
890,34,13,60,91999,4,2.7,1,421,0,0,0,0,0
891,27,3,129,93192,2,1.4,1,0,0,0,0,0,1
892,54,32,192,92558,1,6.8,2,348,1,0,0,0,0
893,45,25,14,94038,2,0.4,1,0,0,0,0,1,0
894,66,45,49,91684,3,1.2,3,52,0,0,0,0,0
895,55,32,59,90876,4,1.7,1,0,0,1,0,0,0
896,49,25,70,92501,3,1.4,1,0,0,0,0,0,0
897,45,25,68,95087,2,1.2,1,335,0,0,0,1,0
898,25,0,37,90497,3,1.7,1,0,0,0,0,1,1
899,26,3,194,90517,1,3.9,1,410,1,0,0,0,0
900,50,25,69,95177,2,2.9,3,0,0,0,0,1,0
901,23,0,100,92360,3,4.1,3,186,1,0,0,0,0
902,24,4,101,93300,1,1.2,1,0,0,0,0,1,0
903,32,12,33,94748,1,1.6,1,0,0,0,0,0,1
904,61,37,64,93751,4,2.8,3,0,1,0,0,1,0
905,43,22,114,96022,1,5.1,1,0,1,0,1,1,0
906,54,34,156,91220,1,7.0,3,273,1,0,0,0,0
907,41,19,65,95125,3,2.3,2,522,0,0,0,1,1
908,30,5,36,92801,2,1.9,3,86,0,0,0,1,0
909,39,15,56,90783,4,1.0,1,0,0,0,0,0,0
910,27,4,64,92866,4,0.8,3,95,0,0,0,1,0
911,56,35,62,93106,4,2.5,3,0,0,0,0,1,0
912,31,9,47,90598,2,1.1,1,0,1,0,0,1,1
913,39,15,34,92996,4,1.2,2,471,0,0,0,1,0
914,66,46,41,90189,2,1.1,1,135,0,0,0,0,1
915,49,26,57,94126,1,1.4,1,0,0,0,0,0,1
916,43,23,113,93831,4,5.5,3,0,1,0,0,0,0
917,46,25,136,90757,3,2.2,1,0,0,0,0,0,0
918,57,36,82,93544,1,1.5,1,365,0,0,0,0,0
919,34,10,42,91649,4,1.6,1,0,0,0,0,1,1
920,51,26,58,94004,1,2.5,2,0,1,0,0,0,0
921,61,41,23,91466,3,1.1,3,341,0,0,1,0,0
922,48,24,158,95555,2,3.2,2,158,0,0,0,0,0
923,42,19,54,93171,1,2.6,2,0,0,0,0,0,0
924,29,4,95,96189,4,3.5,1,89,0,0,0,0,0
925,33,8,131,90495,3,6.0,3,0,1,0,0,1,0
926,64,44,181,95203,4,2.3,1,0,0,0,0,1,0
927,46,22,120,90349,3,3.1,2,0,0,0,0,1,1
928,36,13,62,90143,4,2.0,2,0,0,0,1,0,0
929,41,21,102,91047,4,3.6,3,0,1,0,0,0,0
930,48,27,177,91903,4,2.5,3,0,1,0,0,1,0
931,46,21,53,95564,3,1.8,2,0,0,0,0,1,0
932,53,30,33,94821,1,1.3,2,538,0,0,0,1,0
933,34,12,48,90465,2,1.2,1,0,0,0,0,1,0
934,51,30,98,95587,3,3.1,2,0,1,0,0,1,0
935,42,17,63,91465,1,1.4,2,0,1,0,0,0,0
936,64,43,74,95653,1,3.5,3,0,0,0,0,1,0
937,29,9,107,91255,2,3.8,2,277,0,1,0,0,1
938,29,6,47,94160,4,1.6,1,0,0,1,0,0,0
939,43,18,72,93886,2,3.7,1,69,0,0,0,0,0
940,45,24,58,95251,4,2.3,1,0,1,0,0,1,0
941,53,32,174,93844,4,3.8,3,0,1,0,0,1,0
942,40,18,118,90992,2,4.5,3,0,0,0,0,1,1
943,63,42,63,96175,1,3.3,2,0,0,0,0,1,1
944,43,20,61,92433,4,0.7,2,0,0,0,0,1,1
945,28,7,184,95850,4,6.8,2,0,1,1,0,1,0
946,28,8,176,90517,3,3.0,1,110,1,0,0,0,0
947,65,44,98,95616,4,4.4,1,0,0,1,0,1,0
948,28,3,76,91798,1,2.9,1,137,0,0,0,0,0
949,64,39,37,95985,2,1.9,3,0,0,0,1,1,0
950,35,12,48,94812,3,1.9,1,0,0,0,1,1,0
951,27,5,36,96039,1,0.4,2,300,0,0,0,1,0
952,36,12,134,91155,4,4.3,1,89,1,0,0,1,0
953,50,29,38,94572,3,1.9,2,0,0,0,0,1,0
954,41,18,61,94602,2,1.2,1,593,0,0,0,0,0
955,57,33,26,95581,1,0.4,3,0,0,0,0,1,1
956,49,25,31,94763,1,1.3,1,0,0,0,0,1,0
957,40,19,110,90563,3,3.5,3,416,1,0,0,1,0
958,50,26,90,95454,4,1.1,2,0,0,0,0,1,1
959,65,42,77,91684,1,1.7,1,0,0,0,1,0,1
960,41,16,61,95996,2,1.5,3,0,0,0,0,0,0
961,29,8,29,94781,3,1.1,2,454,0,0,0,0,0
962,40,17,57,94632,2,1.7,1,479,0,0,1,0,0
963,59,35,70,93979,3,2.2,3,0,1,0,0,1,1
964,32,11,106,94187,3,4.8,2,0,1,0,0,1,0
965,64,40,130,93507,4,2.9,2,0,0,0,0,1,1
966,48,28,112,94858,3,4.4,3,0,0,0,0,0,0
967,49,25,90,95716,3,2.3,2,352,0,0,0,0,1
968,36,13,77,91173,2,2.2,1,435,0,0,0,0,0
969,63,42,85,95165,1,2.9,1,372,0,0,0,0,0
970,24,4,55,94580,1,2.2,1,0,0,1,0,0,0
971,36,12,80,93617,1,4.1,2,0,0,0,0,0,0
972,41,20,70,95638,4,1.5,1,0,0,0,0,0,0
973,44,22,224,95805,1,3.2,1,159,1,0,0,1,1
974,43,23,86,92810,2,2.5,3,0,1,0,1,1,1
975,29,4,22,90421,3,0.7,1,0,0,0,0,1,0
976,32,9,60,90136,3,1.2,1,0,0,0,0,1,1
977,27,2,65,93808,1,3.2,3,265,0,0,1,1,0
978,48,28,120,92087,4,5.4,3,0,1,0,0,0,0
979,38,17,92,91389,2,2.9,3,345,0,1,0,1,0
980,47,24,90,90598,1,2.7,1,567,1,0,0,1,1
981,48,25,149,91649,1,1.8,2,0,1,0,0,1,0
982,53,29,176,93883,4,5.9,3,0,1,0,1,1,0
983,47,22,110,94926,4,3.9,1,0,0,0,0,0,0
984,51,27,62,95175,4,3.0,1,498,1,0,0,1,0
985,48,28,63,94096,2,2.0,1,328,0,0,0,1,0
986,51,30,12,90566,4,0.2,3,0,0,0,0,1,0
987,50,25,139,94346,2,2.5,1,0,1,0,0,0,0
988,36,13,63,92650,1,1.1,2,0,0,0,0,1,0
989,33,8,74,90805,4,3.7,2,0,0,0,0,1,1
990,57,34,59,94170,2,2.6,3,557,0,0,0,1,0
991,38,18,41,95930,3,1.9,1,0,0,0,0,1,0
992,47,25,214,95626,3,9.9,2,0,1,0,0,0,1
993,31,7,74,94846,1,1.0,3,252,0,0,1,1,1
994,41,18,160,91366,4,6.5,1,0,1,0,0,1,0
995,46,26,64,93076,1,2.6,2,210,0,1,0,0,0
996,50,29,53,93273,4,1.0,1,0,0,0,0,1,0
997,46,21,105,92554,2,3.3,1,0,0,0,0,1,1
998,38,13,130,90106,2,5.0,1,0,0,0,0,0,0
999,65,41,134,93537,2,6.6,1,131,1,0,0,1,1
1000,45,25,69,92419,3,1.0,1,0,0,0,0,1,0
1001,58,35,111,92136,1,5.4,3,174,0,0,0,1,0
1002,55,31,57,92139,1,2.8,2,0,0,0,0,0,1
1003,47,24,80,94607,3,4.0,1,0,0,0,0,0,0
1004,62,39,66,91098,3,0.7,2,202,0,0,0,1,1
1005,28,6,60,93398,4,1.2,3,0,0,0,1,0,0
1006,63,42,82,90888,4,3.3,1,0,0,0,0,1,0
1007,60,39,41,95799,4,1.0,1,0,0,0,0,1,0
1008,45,21,124,92288,4,1.6,1,385,1,0,0,0,0
1009,55,35,61,95651,4,2.6,3,0,0,0,0,1,0
1010,45,25,121,90379,2,1.4,3,91,0,0,0,1,0
1011,34,12,46,94510,4,1.3,2,181,0,1,0,1,0
1012,58,34,60,95619,4,3.1,1,377,0,0,0,0,0
1013,33,10,41,90953,3,1.2,2,0,0,0,1,0,1
1014,36,13,40,95913,1,2.0,2,582,0,0,0,0,0
1015,45,22,49,95854,1,1.4,1,0,0,0,0,0,0
1016,59,39,46,95350,2,1.2,1,0,0,0,0,0,0
1017,39,18,41,94477,3,0.6,1,0,0,0,0,0,0
1018,44,24,77,90022,3,2.0,2,458,0,0,0,0,0
1019,24,0,104,90713,4,2.6,3,0,1,0,0,1,1
1020,28,4,107,92138,3,5.0,1,0,1,0,0,0,0
1021,25,4,28,94840,3,1.4,3,0,0,0,0,1,0
1022,26,5,65,92706,4,0.7,2,0,0,1,1,1,1
1023,61,40,62,90285,4,0.9,2,0,0,0,0,0,1
1024,60,35,150,92040,3,5.7,3,0,1,0,0,0,1
1025,59,37,67,95192,3,2.1,2,0,0,0,0,1,0
1026,25,1,73,94960,1,1.7,1,353,0,0,0,1,0
1027,26,4,33,95101,3,0.7,1,0,0,0,0,0,0
1028,35,11,48,94186,1,0.9,3,0,0,0,0,1,0
1029,47,24,32,91124,2,1.0,2,0,0,0,0,1,0
1030,37,16,79,91209,3,0.8,1,0,0,0,0,1,1
1031,44,19,153,96131,1,6.4,2,0,1,0,0,1,0
1032,30,6,49,90537,3,1.1,1,0,0,0,1,1,0
1033,55,31,67,94854,2,1.9,1,466,0,0,0,1,0
1034,36,11,46,93719,3,1.5,3,114,0,0,0,0,1
1035,25,4,54,90266,2,1.0,1,213,0,0,0,1,0
1036,55,35,80,95229,2,3.9,1,576,1,0,0,1,0
1037,62,39,191,95608,2,7.6,1,0,1,0,0,1,0
1038,23,2,149,93931,1,7.1,3,0,1,0,0,1,0
1039,42,20,172,96131,1,5.3,1,0,1,0,0,0,0
1040,59,38,122,91520,4,3.5,1,0,1,0,0,1,0
1041,54,32,67,95920,1,1.4,1,0,0,0,0,0,0
1042,60,38,62,93455,2,2.1,1,0,0,0,0,1,0
1043,41,19,49,94116,1,1.7,1,0,0,0,0,0,1
1044,39,15,17,93291,3,0.5,1,212,0,0,0,1,0
1045,54,31,66,95517,3,1.1,1,0,0,0,0,0,0
1046,29,7,154,94879,2,3.4,2,0,1,0,0,1,1
1047,33,13,153,95025,4,1.6,1,307,0,0,0,0,0
1048,49,26,228,92639,2,5.4,1,0,1,0,1,1,0
1049,52,31,84,95799,3,3.0,3,0,0,0,0,1,0
1050,28,7,37,94470,2,1.9,1,466,0,0,0,1,0
1051,45,23,100,92156,3,1.8,1,0,0,1,0,0,0
1052,39,19,192,91610,1,2.4,3,0,1,1,0,1,1
1053,45,23,164,94958,2,3.7,2,0,1,0,0,0,0
1054,65,44,58,90147,3,1.0,2,230,0,0,1,1,0
1055,26,1,39,95531,4,1.6,2,557,0,0,0,1,1
1056,66,41,39,94772,2,0.4,3,0,0,0,0,0,1
1057,42,22,51,93543,2,2.7,1,0,0,0,0,1,1
1058,56,33,55,96115,2,2.6,1,517,0,0,1,1,0
1059,41,18,64,91658,2,2.0,3,0,0,1,0,0,0
1060,36,14,107,96115,4,5.3,1,0,0,0,0,1,0
1061,56,34,63,90830,3,2.3,2,0,0,0,1,0,0
1062,53,29,78,94656,2,4.1,1,0,0,0,0,1,0
1063,29,7,31,91242,2,0.7,1,0,0,0,0,0,0
1064,54,34,49,94140,3,2.6,2,77,0,0,0,1,0
1065,56,34,48,92176,3,0.9,2,0,0,0,0,0,0
1066,40,19,28,92321,2,0.7,2,0,0,0,0,0,0
1067,63,41,62,91606,4,3.1,1,0,0,0,0,1,0
1068,51,30,31,95732,2,0.8,1,0,0,0,0,1,0
1069,37,17,60,93485,2,1.1,3,0,0,0,1,1,1
1070,23,0,81,92980,1,1.0,1,99,0,0,0,0,0
1071,52,32,155,91671,2,2.6,2,337,1,0,0,1,0
1072,32,8,47,94508,4,1.2,2,0,0,0,0,1,0
1073,56,32,80,91525,4,2.3,1,237,0,1,0,1,0
1074,46,23,53,93515,2,1.8,1,0,0,1,0,1,0
1075,43,18,30,92259,1,1.4,3,303,0,0,0,1,1
1076,30,10,156,95560,3,1.7,1,0,1,0,0,0,0
1077,54,33,83,91898,3,3.9,1,58,0,0,0,0,0
1078,30,9,98,94274,4,3.4,3,597,1,0,0,1,1
1079,41,18,169,91123,3,7.2,1,376,1,0,0,0,0
1080,59,36,59,91902,1,2.5,3,465,0,0,0,0,1
1081,63,38,36,93214,4,1.8,1,288,0,0,0,1,1
1082,66,44,46,95678,3,0.6,1,195,0,0,0,1,0
1083,65,44,35,92518,4,1.2,2,0,0,0,0,1,0
1084,47,22,134,91097,1,6.6,1,0,1,0,0,0,0
1085,31,7,196,95529,2,8.1,3,538,1,0,0,0,0
1086,59,35,81,91319,2,1.1,1,0,0,0,0,0,1
1087,58,36,109,91374,2,4.0,2,0,0,0,0,0,1
1088,66,44,124,92226,4,5.5,3,0,1,0,1,0,1
1089,51,29,175,95069,1,3.8,2,0,1,0,0,1,0
1090,29,5,191,92279,1,7.1,2,0,1,0,0,1,0
1091,45,24,25,95934,1,1.2,1,0,0,1,0,1,0
1092,42,17,54,95104,4,1.8,1,0,0,0,0,0,0
1093,60,39,76,95156,1,1.4,3,0,0,1,0,0,1
1094,40,18,50,92711,3,1.7,2,0,0,0,0,1,0
1095,37,16,65,95152,1,2.3,2,0,0,0,0,1,0
1096,26,3,94,95413,2,2.6,2,0,0,1,0,1,0
1097,59,35,20,92471,3,0.8,1,0,0,0,0,0,0
1098,56,31,93,92057,1,2.7,1,60,0,0,0,1,0
1099,24,0,122,90668,1,5.9,1,0,1,0,0,1,0
1100,42,21,77,92399,3,3.4,2,0,0,0,0,0,0
1101,44,23,18,92961,1,0.8,1,457,0,0,0,0,0
1102,43,18,62,94729,2,2.0,1,321,0,1,0,1,0
1103,63,41,89,93442,3,1.6,2,0,0,0,0,0,0
1104,29,9,127,91532,1,5.3,2,0,1,0,0,1,0
1105,36,12,117,91846,1,1.5,2,0,0,0,0,0,1
1106,30,7,71,90766,2,2.3,3,510,0,0,0,1,1
1107,33,13,52,91354,3,0.6,2,400,0,0,0,1,1
1108,62,38,73,90859,1,2.4,1,0,0,0,0,0,0
1109,64,41,27,94786,2,1.1,3,0,0,0,1,1,1
1110,24,1,55,91441,4,1.5,2,0,0,0,0,0,0
1111,50,25,139,90316,2,3.9,2,269,1,0,0,1,0
1112,33,11,73,93723,2,1.1,3,478,0,0,0,1,0
1113,31,9,91,93437,3,2.1,1,570,0,0,0,0,0
1114,35,12,34,90251,2,1.0,2,0,0,0,0,1,1
1115,31,10,126,94276,2,6.0,1,0,1,1,0,1,0
1116,44,24,69,94113,4,3.4,1,0,0,0,0,1,0
1117,66,41,90,95969,1,4.6,2,0,1,0,1,1,1
1118,48,27,100,94743,3,1.4,1,0,0,0,0,0,0
1119,54,31,124,94956,2,2.8,1,127,0,0,0,1,1
1120,44,23,83,94633,4,2.5,2,0,0,0,0,0,1
1121,23,2,70,94025,3,2.6,1,546,0,0,0,1,0
1122,26,3,38,93919,4,1.5,2,0,0,0,0,1,0
1123,34,10,32,93868,1,1.4,1,0,0,1,0,1,0
1124,33,11,82,92725,1,2.6,1,0,1,0,0,1,1
1125,59,39,90,90588,4,3.1,2,0,0,0,0,1,0
1126,60,39,98,96089,2,5.1,2,0,0,0,0,1,0
1127,60,40,47,96049,4,1.0,3,0,0,0,0,1,1
1128,51,26,55,90560,3,2.5,3,0,0,0,0,0,0
1129,47,26,81,94851,2,3.3,1,460,0,0,0,0,0
1130,51,29,59,94694,1,0.9,1,0,0,0,0,1,0
1131,40,20,238,91538,1,11.9,3,0,1,0,0,1,0
1132,52,30,54,92367,3,2.5,2,0,0,0,0,0,0
1133,57,32,93,94769,1,4.1,3,0,0,0,0,1,0
1134,56,34,115,95120,1,1.8,3,0,1,0,0,1,0
1135,50,27,119,92478,1,1.9,3,0,0,0,0,0,0
1136,25,4,58,93900,4,2.3,1,0,0,0,0,1,0
1137,54,34,101,92830,3,1.5,1,314,0,0,0,1,1
1138,39,15,94,90861,3,1.4,2,579,0,0,0,1,0
1139,55,35,103,90999,3,2.8,2,0,0,0,0,1,1
1140,46,24,80,95206,3,0.8,3,0,0,0,0,0,0
1141,61,40,116,90109,2,4.8,3,0,0,0,0,1,0
1142,37,17,85,90473,2,2.8,1,0,0,0,0,1,1
1143,63,40,36,91833,3,0.5,2,213,0,0,0,1,0
1144,60,35,84,95026,4,2.8,3,0,0,0,0,0,1
1145,37,17,89,94367,4,1.1,3,0,0,0,1,1,1
1146,44,20,112,93516,3,1.5,3,0,0,0,0,1,0
1147,46,23,82,93864,4,2.5,2,0,0,0,0,1,0
1148,56,32,178,90932,4,5.6,3,0,1,0,0,1,0
1149,53,33,71,90985,3,1.8,1,0,0,0,0,0,1
1150,60,35,57,93687,4,2.1,1,0,0,1,0,1,0
1151,39,19,149,92207,1,4.0,1,0,0,0,0,1,1
1152,45,20,70,93439,1,2.5,2,0,0,0,0,0,1
1153,41,18,78,93985,2,2.0,3,528,0,0,0,0,0
1154,63,41,89,91962,1,3.6,2,0,0,0,0,1,0
1155,36,16,86,95287,2,3.0,2,0,0,0,0,1,1
1156,48,25,102,95037,1,1.7,1,585,0,0,0,0,1
1157,28,8,108,90667,4,4.3,3,0,1,0,0,1,0
1158,60,37,54,90781,3,2.4,1,0,0,0,0,1,1
1159,39,15,40,91296,1,0.5,2,0,0,0,0,1,1
1160,37,16,42,90866,3,1.5,1,0,0,0,0,0,0
1161,48,27,140,93408,3,6.2,2,571,1,0,0,1,1
1162,44,23,67,91501,2,1.0,2,504,0,0,0,1,0
1163,60,39,115,94026,4,5.6,2,0,1,1,0,0,0
1164,46,26,110,95366,4,3.1,2,0,1,0,0,0,0
1165,45,24,78,90863,4,3.3,3,0,0,0,0,1,0
1166,27,4,47,91029,1,2.3,3,502,0,1,0,1,0
1167,23,2,111,91102,2,5.9,1,0,0,0,0,0,1
1168,40,16,76,95000,4,2.7,1,0,1,0,0,1,0
1169,66,42,38,96058,2,1.5,1,0,0,0,0,0,0
1170,63,39,59,94796,2,1.2,1,0,1,0,0,1,1
1171,50,27,31,94250,2,0.7,1,0,0,1,0,0,0
1172,50,29,61,93778,2,2.9,3,0,0,0,0,1,0
1173,40,15,80,91252,3,2.2,3,0,0,0,0,1,0
1174,30,9,72,92911,1,3.3,1,0,1,1,1,1,0
1175,23,1,67,95644,4,0.8,3,585,1,0,0,1,0
1176,37,15,79,92209,3,1.5,3,0,0,1,0,1,0
1177,36,12,99,90177,1,1.7,1,536,1,0,0,1,0
1178,31,8,120,91338,4,3.9,3,570,1,0,0,0,0
1179,34,10,128,93131,3,1.7,3,456,0,0,0,0,0
1180,24,0,51,94309,2,1.3,3,89,0,0,0,1,1
1181,49,27,135,92684,2,7.1,3,578,1,0,0,0,1
1182,63,38,76,92862,3,3.4,1,324,0,0,0,1,0
1183,53,32,64,94306,1,2.7,1,209,0,0,0,0,1
1184,42,17,43,91697,3,0.7,3,317,0,0,0,1,0
1185,41,20,17,94941,3,0.4,1,292,0,0,0,1,1
1186,36,11,96,92012,2,3.8,2,0,1,0,0,0,1
1187,29,7,94,90686,2,1.0,1,0,0,0,0,0,1
1188,49,24,56,90865,3,1.6,2,0,0,0,0,1,1
1189,47,27,57,92251,3,2.9,1,398,0,0,0,0,0
1190,23,1,71,90276,2,1.0,3,0,0,0,0,1,0
1191,41,16,63,91174,4,3.1,2,0,0,0,0,1,0
1192,35,15,49,92717,4,0.9,1,590,0,0,0,1,0
1193,30,9,41,95837,2,0.7,1,0,0,0,0,1,0
1194,53,33,136,96052,3,2.5,2,0,1,0,0,1,0
1195,46,25,59,94738,4,3.0,3,0,0,0,0,0,0
1196,50,28,93,95850,1,3.4,3,0,0,0,0,1,0
1197,54,31,103,93811,3,4.4,3,0,1,0,0,1,0
1198,66,45,96,90839,4,2.5,2,330,0,0,0,1,0
1199,58,38,106,94095,1,5.1,3,105,1,0,0,1,0
1200,50,29,95,93418,2,3.3,2,0,0,0,0,1,0
1201,61,36,53,95280,4,1.9,2,0,0,0,0,1,1
1202,44,19,65,92157,4,2.8,2,0,0,0,0,1,0
1203,66,45,134,95084,4,5.8,1,0,1,0,0,0,0
1204,56,35,58,94028,3,2.3,2,0,0,1,0,0,0
1205,51,31,76,94580,1,1.2,2,394,0,0,0,1,0
1206,62,37,99,90168,1,4.7,1,0,1,0,0,1,0
1207,45,21,159,95986,4,3.4,3,575,1,0,0,1,0
1208,54,30,127,93369,3,6.8,1,0,1,0,0,1,0
1209,35,14,46,94024,1,1.2,2,0,0,0,0,1,0
1210,65,42,92,92859,1,1.4,3,572,0,0,0,1,0
1211,50,30,86,90842,1,2.0,1,115,0,0,0,1,0
1212,57,33,65,93479,4,2.3,1,0,0,0,0,1,0
1213,43,20,78,94285,4,2.1,2,0,0,0,0,1,0
1214,61,40,53,90944,4,2.4,1,280,0,0,0,0,1
1215,26,2,70,92289,1,2.8,1,126,1,0,0,0,1
1216,28,5,58,93836,3,1.1,3,0,0,0,0,0,0
1217,45,23,81,91789,4,2.7,1,0,0,0,0,0,0
1218,55,34,64,91837,3,2.8,2,0,0,0,0,0,1
1219,58,38,166,90696,4,8.1,1,0,1,0,0,1,0
1220,42,17,82,93151,3,2.2,1,0,0,0,0,1,0
1221,51,30,74,90746,1,3.7,1,0,0,0,0,0,0
1222,47,26,68,95387,2,0.8,3,73,0,0,0,1,1
1223,65,41,64,91071,2,2.5,2,349,1,0,0,1,0
1224,51,30,38,90581,1,1.7,1,439,0,0,0,0,0
1225,41,19,115,95743,3,3.3,1,0,0,0,0,0,1
1226,65,41,149,92464,4,1.6,2,0,0,0,0,1,1
1227,27,4,58,91222,1,2.3,2,106,0,1,0,1,1
1228,66,43,133,93399,2,3.3,1,0,0,0,0,1,0
1229,29,9,237,90634,3,3.9,1,138,0,0,0,1,0
1230,35,13,192,92557,2,3.2,2,0,0,0,0,0,0
1231,59,37,145,94083,1,6.3,2,0,1,0,0,1,0
1232,55,32,41,92973,1,0.7,3,0,0,0,0,1,0
1233,65,45,41,95740,1,1.3,2,0,0,1,0,0,0
1234,55,35,106,94467,4,5.5,2,0,1,0,0,1,0
1235,51,27,77,94022,2,3.3,2,470,0,0,0,0,0
1236,38,14,24,94153,4,0.8,2,0,0,0,0,0,0
1237,23,0,61,94255,3,2.0,2,0,1,0,0,0,0
1238,28,7,103,92959,2,1.8,1,0,0,0,0,0,0
1239,36,11,70,90654,4,2.1,3,0,0,0,0,0,0
1240,24,3,77,91593,2,1.3,1,0,0,0,0,1,0
1241,45,22,41,91939,1,0.6,2,0,0,0,0,1,1
1242,57,37,61,91599,4,0.9,2,90,0,0,0,0,0
1243,65,40,106,91741,3,3.8,3,261,1,0,0,0,0
1244,44,23,59,94737,2,1.1,1,0,0,1,0,1,0
1245,61,37,139,95858,3,2.3,3,0,0,0,0,0,1
1246,66,45,78,92792,4,3.7,1,398,1,1,1,0,0
1247,60,36,95,93010,2,1.5,1,0,0,1,0,1,1
1248,43,21,105,92041,4,4.3,3,576,1,1,0,1,1
1249,37,17,103,93910,4,2.9,1,0,0,0,0,0,0
1250,66,45,45,94247,4,1.6,2,0,0,0,1,0,1
1251,33,9,49,90347,1,0.5,2,0,0,0,0,0,0
1252,41,20,24,93117,1,0.2,3,0,0,1,0,0,0
1253,26,5,65,92643,1,3.0,3,0,0,0,0,1,0
1254,57,34,47,92735,3,1.4,1,0,0,0,0,1,1
1255,51,30,58,93147,2,0.8,3,0,0,0,1,1,1
1256,26,6,68,90859,4,1.7,1,72,0,0,0,1,0
1257,32,9,83,94958,1,2.7,2,293,1,0,0,0,1
1258,47,23,71,95583,2,1.1,3,0,0,0,0,1,1
1259,46,22,70,90672,2,2.4,3,0,0,0,0,1,0
1260,58,33,92,95149,4,3.0,2,311,1,0,0,0,1
1261,34,14,75,93480,1,2.7,3,0,0,0,0,0,0
1262,63,41,119,95190,2,5.4,2,0,1,0,0,1,1
1263,42,21,75,91138,4,2.1,3,63,0,0,0,1,1
1264,59,34,160,91162,4,7.8,1,0,1,1,0,1,0
1265,33,10,44,90032,4,1.3,1,316,0,0,0,1,0
1266,24,4,64,93126,3,1.9,3,0,1,0,0,0,1
1267,25,1,54,92565,1,2.1,1,0,0,0,0,1,1
1268,39,19,85,95875,1,3.1,2,0,1,0,0,1,0
1269,64,43,44,93455,2,0.5,3,0,0,0,0,0,0
1270,25,1,34,95752,2,1.8,2,0,0,0,0,1,0
1271,39,16,48,91627,3,2.4,1,0,0,0,0,0,1
1272,27,3,35,90240,1,0.8,1,563,0,0,0,1,0
1273,63,40,69,95149,3,2.4,1,0,1,0,0,1,0
1274,52,27,83,90042,2,3.6,1,0,0,0,0,1,0
1275,56,33,31,95264,1,1.5,1,0,0,1,0,1,0
1276,54,34,62,93169,4,2.2,3,0,0,0,0,1,0
1277,51,31,127,93598,2,1.4,1,0,0,0,0,1,0
1278,57,33,146,91314,1,5.8,3,0,1,0,1,0,0
1279,23,3,110,91665,2,1.5,3,0,0,0,0,1,1
1280,61,39,19,91304,4,0.7,1,246,0,0,0,1,1
1281,55,35,79,94587,4,2.8,3,0,0,0,0,1,0
1282,55,34,135,92882,1,5.1,1,0,0,0,0,1,0
1283,40,17,59,90628,3,1.1,2,0,0,0,0,1,0
1284,58,37,39,90292,3,1.2,3,0,0,0,0,1,0
1285,39,17,130,94454,4,4.8,3,0,0,0,0,1,1
1286,25,0,140,94150,4,3.2,1,0,1,0,0,0,1
1287,62,42,75,91956,3,1.3,1,462,1,1,0,1,0
1288,33,13,39,92175,3,0.8,1,0,0,0,0,0,0
1289,27,6,29,94965,2,1.4,3,0,0,0,0,0,0
1290,50,26,89,90452,4,2.7,1,0,0,0,0,1,0
1291,33,11,54,95973,4,2.1,2,0,0,0,0,1,0
1292,60,37,73,95265,4,2.4,1,0,0,0,0,1,1
1293,42,22,69,90824,4,3.2,1,121,0,0,0,1,1
1294,23,0,47,93251,3,1.5,1,0,0,0,1,1,1
1295,64,44,28,93505,4,0.4,1,0,0,0,0,1,0
1296,45,21,60,95673,4,1.1,2,0,0,0,0,1,0
1297,34,14,81,93702,1,0.9,2,0,0,0,0,1,0
1298,52,27,83,90027,1,3.8,2,0,1,1,0,1,0
1299,46,25,52,91765,4,2.0,2,0,0,0,0,1,0
1300,24,3,138,93625,2,5.9,1,0,1,0,0,1,0
1301,56,34,41,92322,4,1.7,3,0,1,0,1,0,1
1302,40,20,17,92912,2,0.8,2,0,0,0,0,1,0
1303,53,33,122,95835,2,6.4,2,0,0,0,0,0,0
1304,62,39,80,95812,4,3.1,1,0,1,0,1,0,0
1305,49,28,60,91665,3,1.3,1,0,0,0,1,1,1
1306,52,30,96,91096,3,1.4,3,374,0,0,0,1,0
1307,34,10,66,95921,2,2.3,3,248,0,0,0,1,1
1308,33,13,34,93383,3,1.5,1,0,0,0,0,1,0
1309,41,19,39,93669,2,1.3,1,0,0,0,0,1,1
1310,60,39,64,91068,4,1.5,1,0,0,0,0,1,1
1311,46,24,56,93989,2,2.3,2,0,0,0,0,0,0
1312,38,17,121,95326,1,3.6,1,0,1,0,0,1,0
1313,57,37,54,90840,3,1.2,3,514,0,0,1,0,1
1314,60,40,53,92076,4,2.5,1,0,0,0,0,0,1
1315,62,37,49,92542,4,1.7,3,0,0,0,0,1,1
1316,36,16,47,92791,1,1.0,1,0,0,0,0,0,0
1317,54,30,48,91390,4,1.2,1,0,0,0,0,1,0
1318,48,23,36,94263,2,1.3,1,0,0,0,0,0,0
1319,42,20,81,91369,4,2.3,1,286,0,0,0,0,1
1320,40,19,69,91678,3,1.2,3,353,0,0,0,1,0
1321,28,4,68,93420,4,2.5,2,420,1,1,0,1,0
1322,35,10,30,90748,2,1.2,1,0,0,0,0,1,1
1323,47,27,91,95233,3,0.9,3,0,0,0,0,1,0
1324,62,37,96,92767,3,3.2,1,0,0,0,0,1,0
1325,61,36,156,95979,1,5.5,1,0,0,1,0,0,1
1326,31,11,93,92284,4,2.3,1,76,1,0,1,1,0
1327,52,32,172,90094,1,4.2,2,136,1,0,0,1,0
1328,26,2,51,92198,4,1.2,3,170,0,0,0,1,0
1329,52,32,160,93876,1,4.7,1,0,1,0,0,0,0
1330,38,15,95,90047,1,4.3,3,528,0,0,0,1,0
1331,42,22,89,92987,2,2.7,1,393,1,0,0,1,0
1332,54,30,67,94831,1,3.6,1,517,0,0,0,0,0
1333,41,20,60,95525,1,1.6,3,0,0,1,0,1,1
1334,58,38,53,94586,1,2.1,3,0,0,0,0,1,0
1335,46,26,163,91533,2,5.5,2,230,1,0,0,1,1
1336,66,45,66,94365,2,2.8,1,0,0,0,1,0,1
1337,51,28,96,94855,1,4.7,1,0,0,0,0,0,0
1338,36,16,107,92549,1,3.4,3,106,1,0,0,0,0
1339,57,33,106,94061,3,3.3,2,0,0,0,0,0,1
1340,40,17,82,93072,2,4.2,2,0,0,0,0,1,0
1341,46,25,159,92542,4,8.0,1,0,1,0,0,0,1
1342,29,4,92,94115,4,4.9,3,181,1,1,0,0,1
1343,28,5,53,96030,1,0.9,1,0,0,0,0,0,0
1344,48,24,61,95923,4,0.6,2,0,0,0,0,0,1
1345,31,10,31,90112,3,0.9,2,116,0,0,0,1,0
1346,66,42,86,91751,4,3.6,1,0,0,1,0,1,1
1347,60,37,100,95151,2,1.3,2,112,0,0,0,0,0
1348,53,28,104,94634,1,2.7,2,0,0,0,0,1,1
1349,55,33,95,94553,4,3.3,2,0,0,0,0,1,1
1350,49,25,67,93812,3,1.3,3,0,0,0,0,0,0
1351,25,3,74,92656,1,3.1,2,338,0,0,0,0,0
1352,40,20,74,93935,1,1.5,1,0,0,0,0,1,1
1353,44,24,121,95132,1,5.6,1,599,1,0,0,1,1
1354,63,38,25,90580,2,0.6,2,0,0,0,0,1,0
1355,32,8,58,90071,2,2.1,1,0,0,1,0,1,0
1356,44,22,42,94736,2,1.4,3,554,0,0,0,1,0
1357,38,14,192,90390,4,4.4,1,0,1,0,0,1,1
1358,28,8,133,92546,4,3.9,1,0,0,0,0,0,1
1359,27,7,59,90762,3,2.8,1,0,0,0,0,1,0
1360,39,16,34,92043,3,1.1,3,206,0,0,0,1,0
1361,26,3,40,91151,4,0.5,2,597,0,0,0,0,1
1362,25,0,120,92681,2,4.9,2,359,0,0,0,1,1
1363,38,14,31,90083,3,0.6,1,0,0,0,0,0,0
1364,31,10,74,95405,3,2.3,3,220,0,0,0,1,0
1365,47,23,110,94373,2,3.3,3,322,0,0,0,1,0
1366,23,1,38,94049,4,1.2,1,0,0,0,0,1,0
1367,36,12,74,94820,1,0.8,3,0,0,0,0,1,1
1368,42,21,59,90057,1,1.3,3,0,0,0,1,1,0
1369,65,45,55,93363,2,0.7,1,0,0,0,0,0,0
1370,50,30,51,91453,4,1.4,1,489,0,0,0,0,0
1371,61,36,115,95338,2,4.2,2,0,1,0,0,0,1
1372,38,18,148,94307,1,5.7,1,0,0,1,0,0,0
1373,42,17,64,90485,4,0.8,3,0,0,0,0,1,1
1374,41,17,89,95428,1,1.3,2,0,0,0,0,0,0
1375,62,42,75,93718,1,2.9,1,487,0,0,0,0,0
1376,65,40,27,93336,4,0.9,1,0,0,0,0,1,0
1377,65,45,63,90801,2,2.9,2,247,0,0,1,0,0
1378,56,36,24,93671,1,0.5,1,533,0,0,0,1,0
1379,45,22,57,92337,2,0.9,1,0,0,0,0,0,0
1380,46,25,73,91742,3,1.9,1,0,0,0,0,0,1
1381,66,45,106,91330,4,4.0,3,0,1,0,0,0,1
1382,35,14,85,90868,1,2.6,1,237,0,0,0,0,0
1383,38,15,116,95168,2,1.7,1,0,0,0,0,0,0
1384,62,42,46,92712,3,0.6,3,0,0,0,0,1,0
1385,39,18,138,91652,3,5.4,1,0,1,0,0,1,0
1386,33,10,148,93337,3,3.4,2,233,0,0,0,0,1
1387,47,25,24,92068,2,0.9,1,0,0,0,0,1,1
1388,37,13,30,93500,4,0.7,3,0,0,0,0,1,0
1389,62,41,72,90210,1,1.7,1,366,1,0,1,1,0
1390,62,39,55,91179,4,1.1,1,0,0,0,0,1,0
1391,36,12,59,94064,4,3.1,1,0,0,0,0,1,0
1392,46,24,85,90478,3,0.9,3,485,0,0,0,0,1
1393,66,45,119,96053,2,1.8,3,0,0,0,0,0,0
1394,55,32,45,92081,2,2.1,1,0,0,1,0,1,1
1395,32,9,129,93554,2,2.1,1,0,0,1,0,0,0
1396,48,28,50,94977,1,1.1,1,0,0,0,0,1,0
1397,50,27,206,93006,1,4.4,1,0,1,0,0,1,0
1398,51,31,139,91691,3,5.6,1,85,1,0,0,0,0
1399,24,1,53,95337,3,1.5,3,0,0,0,0,0,1
1400,36,11,35,94238,2,1.6,1,0,0,0,0,1,0
1401,60,37,52,94433,2,2.2,3,0,0,0,0,0,0
1402,33,9,48,91609,1,1.6,1,0,0,0,0,0,0
1403,36,15,99,90532,4,2.1,3,0,1,1,0,1,1
1404,37,12,24,91456,4,1.1,2,248,0,1,0,1,1
1405,30,6,30,94552,1,1.4,1,0,0,0,1,0,0
1406,29,4,97,91308,2,4.5,3,0,0,0,1,1,0
1407,38,14,47,94844,3,0.6,1,0,0,0,0,0,0
1408,61,38,57,92657,1,2.3,3,0,0,0,0,1,0
1409,23,0,110,91895,1,4.5,3,0,1,0,0,1,0
1410,35,10,121,91665,4,6.2,3,0,1,0,1,1,0
1411,25,0,135,90416,1,2.9,3,0,0,0,0,1,1
1412,47,25,105,92247,3,4.6,1,0,0,0,0,1,0
1413,34,14,66,95808,4,2.6,1,0,0,0,0,0,0
1414,57,37,63,93575,3,3.0,2,0,0,0,0,0,0
1415,48,27,59,94838,2,2.4,1,0,0,1,0,1,0
1416,57,37,38,95157,1,1.8,2,551,0,0,0,0,0
1417,50,29,44,94350,3,1.1,1,0,0,0,0,1,0
1418,42,22,126,94749,2,2.1,2,0,0,0,0,1,0
1419,60,35,50,92682,4,1.3,1,0,0,0,0,1,0
1420,43,23,38,92711,3,1.7,1,0,0,0,0,1,1
1421,64,41,132,92603,1,2.1,3,338,0,0,0,1,1
1422,66,44,82,91874,2,3.1,3,0,1,0,0,0,0
1423,48,27,21,90279,3,1.1,1,0,0,0,0,0,1
1424,52,28,165,94071,3,8.0,1,0,1,0,0,1,0
1425,34,9,156,94020,3,6.1,3,509,1,0,0,1,0
1426,58,34,39,92686,1,1.7,1,0,0,0,0,0,0
1427,52,27,70,94122,1,1.1,2,0,0,0,0,0,0
1428,62,39,42,94695,1,1.3,3,0,0,0,0,1,0
1429,34,10,42,95625,3,1.4,1,0,0,1,0,0,0
1430,57,37,58,95327,1,2.5,1,0,0,0,0,0,1
1431,43,18,100,92120,4,2.2,1,0,0,0,0,1,0
1432,31,7,101,91777,2,1.5,1,0,0,0,0,1,0
1433,30,9,94,92950,2,3.8,2,558,0,0,0,0,1
1434,47,25,66,92386,1,2.1,1,116,0,0,0,1,1
1435,37,14,103,94176,2,4.8,3,185,1,0,0,1,0
1436,27,7,37,90179,4,1.1,3,0,0,0,0,0,1
1437,41,17,83,91661,1,3.9,1,0,0,0,0,0,0
1438,51,30,74,92662,3,2.4,2,0,0,0,0,0,0
1439,37,17,64,90600,1,2.8,1,0,0,0,0,0,1
1440,65,44,84,92717,1,3.5,1,72,0,0,0,1,0
1441,57,32,23,90964,3,0.5,2,0,0,0,0,0,0
1442,45,24,43,95683,3,1.0,1,277,0,0,0,0,1
1443,64,41,96,90628,3,4.7,1,0,0,0,0,0,0
1444,42,18,73,92517,1,1.5,1,130,0,0,0,1,0
1445,29,9,31,91609,1,1.2,1,481,0,0,0,0,0
1446,24,0,72,92638,2,1.2,2,0,0,0,0,0,0
1447,64,43,55,94529,1,2.3,3,0,0,0,0,1,0
1448,65,41,128,92040,4,2.5,2,0,0,0,1,1,0
1449,55,34,39,94508,2,1.4,3,471,0,0,0,1,0
1450,27,7,40,90640,3,1.4,2,0,0,0,0,1,1
1451,35,11,90,96094,1,1.7,1,444,0,0,0,1,1
1452,24,0,67,93741,3,2.1,3,0,0,0,0,1,0
1453,25,0,66,95672,1,3.2,1,0,0,0,0,1,1
1454,33,9,207,91309,2,8.2,1,64,1,0,1,1,0
1455,48,26,102,94290,2,5.4,3,0,0,0,0,1,0
1456,25,4,61,93228,1,2.7,2,559,0,0,0,0,0
1457,66,45,29,91747,1,1.1,3,597,0,0,0,0,0
1458,43,20,59,94765,4,2.0,1,0,0,0,1,0,0
1459,34,12,37,93085,2,1.9,3,444,0,0,0,1,0
1460,45,23,44,94549,3,1.4,1,166,0,0,0,0,0
1461,57,36,45,90120,3,1.2,1,0,0,0,0,0,1
1462,36,14,123,90678,3,5.7,3,0,0,0,0,0,1
1463,25,4,33,94930,3,1.7,1,0,0,0,0,0,0
1464,25,5,116,92609,4,3.6,2,0,1,0,0,1,0
1465,60,40,92,91217,3,1.5,3,0,0,0,0,1,0
1466,27,4,91,94958,2,3.3,3,0,1,0,0,0,1
1467,50,28,43,90950,2,1.8,1,0,0,0,0,1,1
1468,39,19,108,90043,4,2.8,1,0,1,0,0,1,1
1469,57,34,41,93428,2,1.7,3,0,0,0,0,1,0
1470,25,5,149,90914,3,4.9,2,0,1,0,0,1,0
1471,62,42,124,94383,4,2.9,2,0,1,0,0,0,0
1472,53,33,163,92588,1,6.1,1,0,0,0,0,0,1
1473,42,20,74,95640,1,2.0,1,0,0,0,0,1,1
1474,32,7,67,93138,1,3.0,3,518,0,0,0,1,1
1475,65,44,59,91235,1,0.6,2,0,0,0,0,0,1
1476,36,15,204,93237,3,9.3,3,0,1,0,0,0,0
1477,44,23,100,94021,3,2.3,1,0,0,0,0,1,1
1478,40,18,37,95525,2,1.9,1,0,0,0,0,1,1
1479,33,9,140,90781,1,6.0,2,479,0,1,1,0,0
1480,41,20,66,94644,3,1.3,3,0,0,0,0,1,0
1481,29,6,17,93727,1,0.9,1,0,0,0,0,1,0
1482,23,0,48,95897,3,1.5,1,0,0,0,0,1,1
1483,35,10,124,93619,4,4.0,2,356,1,0,0,0,0
1484,27,4,92,95986,2,4.5,1,0,0,0,0,0,1
1485,41,17,102,93492,2,5.1,1,0,0,0,0,1,1
1486,60,35,140,90313,3,5.6,2,133,1,0,0,1,0
1487,30,6,27,90725,1,1.4,1,0,0,0,0,0,0
1488,23,2,49,90622,3,1.2,2,0,0,0,0,1,1
1489,27,7,75,93297,2,1.5,1,138,0,0,0,1,0
1490,45,25,126,94997,2,1.4,3,0,1,0,0,1,0
1491,35,10,41,93516,1,1.0,3,527,0,0,0,1,0
1492,44,21,61,95795,4,2.2,3,0,0,0,0,0,1
1493,24,3,73,93109,2,1.7,2,0,0,0,0,1,0
1494,37,15,47,94232,1,1.7,2,0,0,0,0,1,1
1495,41,20,72,91243,4,0.9,1,0,0,0,0,1,1
1496,41,17,67,90058,4,1.7,2,0,0,0,0,1,1
1497,47,24,54,94447,3,2.3,1,0,0,0,0,1,0
1498,57,32,108,90591,1,1.6,3,0,0,0,0,0,0
1499,43,22,98,95942,4,4.0,1,0,0,0,0,1,1
1500,60,38,111,95992,1,4.8,1,0,0,0,0,1,1
1501,46,26,116,91337,1,4.0,2,0,1,0,0,1,0
1502,34,9,158,90556,3,7.6,2,216,1,0,0,0,0
1503,33,10,31,95512,2,1.6,1,180,0,0,1,0,0
1504,37,14,33,95584,1,0.4,2,571,0,0,0,0,0
1505,49,27,103,93341,3,4.1,2,427,0,0,0,1,0
1506,33,12,57,92319,2,1.2,3,0,0,0,0,0,0
1507,63,38,53,92800,4,1.5,2,0,1,0,0,0,1
1508,44,22,49,95768,1,1.8,1,0,0,0,0,1,0
1509,60,36,113,93420,4,4.6,3,136,0,0,0,0,0
1510,53,33,197,91226,3,9.1,1,0,1,1,0,0,0
1511,37,16,116,94251,1,4.7,1,258,0,0,0,0,0
1512,33,9,56,96028,3,2.4,1,180,0,0,0,1,1
1513,55,35,110,90355,4,4.0,2,0,1,0,0,1,0
1514,37,17,32,93229,1,0.5,2,136,0,0,0,1,0
1515,33,9,15,93326,4,0.2,2,0,0,0,0,1,0
1516,63,42,65,94759,2,2.1,3,0,0,1,0,1,1
1517,44,23,27,93458,4,1.1,2,0,0,0,0,0,0
1518,25,2,57,91305,1,0.8,1,160,0,0,0,1,0
1519,44,23,80,93781,3,2.3,2,0,0,0,0,1,1
1520,43,23,217,90824,4,4.6,3,0,1,0,1,1,0
1521,61,41,131,93292,2,4.5,2,0,1,0,0,1,0
1522,54,34,27,91445,1,0.7,2,0,0,0,0,1,0
1523,31,11,28,96191,2,0.5,2,369,0,0,0,0,1
1524,29,5,48,94633,3,0.5,2,0,0,0,0,0,0
1525,49,28,174,94629,3,4.2,1,141,1,1,0,1,1
1526,25,5,28,90003,2,0.9,3,0,0,0,0,1,0
1527,37,17,49,92658,4,2.5,1,0,0,0,0,1,0
1528,29,7,49,94276,3,1.0,1,135,0,0,0,1,1
1529,23,0,90,93024,3,2.9,3,318,0,0,0,0,1
1530,63,41,111,90634,4,3.8,3,0,0,0,0,0,1
1531,26,6,99,93257,4,3.8,2,0,0,0,0,1,0
1532,23,2,83,94109,2,2.0,2,0,0,0,0,0,0
1533,64,42,31,94483,2,0.4,3,0,0,0,0,1,0
1534,31,10,76,91873,3,3.8,1,0,0,0,0,0,1
1535,58,33,142,93601,3,7.3,1,108,1,0,0,1,0
1536,24,0,167,95585,2,4.8,2,0,1,0,1,1,0
1537,29,7,88,95919,3,3.1,2,0,0,0,0,0,1
1538,27,2,27,91947,3,0.3,2,0,0,0,0,0,0
1539,54,33,89,94224,4,1.1,3,0,0,0,0,0,0
1540,50,30,67,95646,2,0.9,1,0,0,0,1,1,1
1541,43,18,29,90474,4,1.2,1,152,0,0,0,0,0
1542,33,8,39,93520,1,0.8,2,0,0,0,0,0,0
1543,26,5,43,94684,4,0.8,2,186,0,1,0,1,0
1544,48,25,104,91351,1,1.1,3,0,0,0,0,1,0
1545,33,12,163,91837,4,1.8,3,0,1,0,0,0,0
1546,48,25,95,95276,1,2.6,2,474,1,0,0,1,1
1547,53,29,105,91049,4,3.5,3,0,0,0,0,1,0
1548,60,36,69,91862,4,2.4,1,0,0,0,0,1,0
1549,44,21,53,95165,4,1.6,1,183,0,1,1,1,0
1550,23,0,97,93788,4,2.9,1,0,0,0,0,1,0
1551,35,12,84,93993,2,3.6,3,0,0,0,0,1,0
1552,60,36,46,93373,1,1.0,1,0,0,0,0,0,0
1553,46,25,81,92360,4,1.6,1,0,0,0,0,1,0
1554,50,28,72,94873,3,3.4,1,0,0,0,0,1,0
1555,43,21,61,91798,4,2.4,1,0,0,0,0,1,0
1556,30,7,52,91586,3,1.6,2,0,0,0,0,1,1
1557,62,42,88,92822,3,1.9,3,99,1,0,0,1,0
1558,57,36,54,90777,2,0.9,1,0,0,0,0,1,0
1559,66,41,197,93904,2,2.3,2,0,0,0,0,0,0
1560,60,40,94,95659,2,4.4,1,140,1,0,0,0,0
1561,35,12,89,94444,3,3.2,1,0,0,0,0,0,0
1562,34,11,65,91935,3,0.8,1,227,0,0,0,1,0
1563,33,11,58,90607,1,1.0,2,0,0,0,0,0,0
1564,63,43,24,93855,1,0.5,2,195,0,0,0,0,0
1565,47,27,47,93283,1,1.0,2,0,0,0,0,0,0
1566,42,21,27,95399,3,0.9,3,295,0,0,0,0,0
1567,65,45,27,93010,3,0.7,1,0,0,0,0,0,0
1568,49,29,36,90501,1,1.7,3,0,0,0,0,0,0
1569,63,43,134,95589,3,5.5,2,146,1,0,0,0,0
1570,66,45,133,91810,1,6.6,1,417,1,1,0,1,1
1571,26,1,48,94778,4,2.3,1,0,0,0,1,1,0
1572,38,15,31,90518,3,1.5,1,363,0,0,0,1,0
1573,55,35,56,95978,3,2.9,1,224,0,0,0,0,0
1574,58,35,103,95713,3,2.4,1,0,0,0,0,0,0
1575,29,9,119,90425,2,2.3,1,0,1,0,0,0,0
1576,37,15,80,95831,4,1.4,3,398,0,0,0,1,1
1577,47,27,88,94927,3,3.3,3,0,0,0,0,0,0
1578,58,38,83,95611,1,3.3,2,200,0,0,0,1,1
1579,27,7,28,91435,4,0.4,3,0,0,0,0,0,0
1580,49,27,33,92261,3,1.5,3,174,0,0,0,1,0
1581,36,14,167,93123,2,7.3,1,0,1,0,0,1,0
1582,32,10,80,92973,4,3.0,2,168,0,0,0,1,0
1583,45,22,21,94489,1,0.6,2,0,0,0,0,1,0
1584,41,17,91,95666,3,1.5,3,478,0,0,0,1,0
1585,50,26,42,95408,3,1.3,3,0,0,0,0,0,1
1586,36,13,125,95487,4,2.1,1,0,1,0,0,1,0
1587,59,36,118,92024,3,4.3,3,0,1,0,0,0,0
1588,26,4,100,90071,4,2.3,1,223,0,0,0,1,0
1589,60,39,80,91095,2,1.7,1,0,0,0,0,1,0
1590,24,2,141,91110,4,4.1,2,0,1,0,0,1,1
1591,55,35,148,94823,1,5.2,2,597,1,0,0,1,1
1592,38,13,43,92531,4,1.1,1,375,0,0,0,0,0
1593,39,17,99,92328,4,5.1,1,0,0,0,0,0,0
1594,23,0,52,94654,3,0.5,3,0,0,0,0,0,0
1595,53,28,39,90445,1,1.9,1,0,0,0,0,0,1
1596,30,8,148,92376,2,1.5,3,0,0,0,0,0,1
1597,52,27,108,92484,1,2.1,2,0,1,0,1,0,0
1598,54,32,83,91278,4,4.4,2,107,1,0,0,1,0
1599,60,40,45,92007,2,1.9,1,0,0,0,0,1,0
1600,54,34,151,95137,4,5.7,3,0,1,0,0,0,0
1601,36,16,42,94258,4,1.7,3,0,0,0,0,1,0
1602,55,30,37,92113,1,1.0,1,0,0,1,0,0,0
1603,59,37,72,95412,4,3.2,2,0,0,0,1,0,1
1604,36,15,103,90702,2,1.7,3,0,1,0,0,1,0
1605,28,6,60,95459,1,2.7,1,375,0,0,0,0,0
1606,62,41,411,93928,2,20.8,2,0,1,0,0,1,0
1607,29,4,79,91303,3,3.7,3,150,0,0,0,0,0
1608,49,24,52,95361,4,2.2,2,168,0,1,1,0,0
1609,33,13,55,90873,3,2.1,3,0,0,0,0,0,0
1610,28,4,177,93575,1,5.8,1,0,1,0,0,1,0
1611,57,35,68,93662,2,1.8,3,0,0,1,0,1,0
1612,29,9,146,96177,2,6.9,3,289,1,0,0,1,0
1613,52,27,26,91360,3,1.0,1,0,0,0,0,1,1
1614,53,33,126,95419,3,3.6,2,0,1,1,0,1,0
1615,25,4,46,90880,1,2.0,2,0,0,0,0,1,1
1616,30,10,109,91517,1,1.3,3,68,0,1,0,0,1
1617,57,35,46,90230,1,2.1,1,0,0,0,0,1,0
1618,45,22,57,92041,4,2.6,1,572,0,0,0,1,0
1619,28,7,39,94508,3,0.8,3,0,0,0,0,1,0
1620,66,46,110,91213,2,1.3,1,178,0,0,0,0,0
1621,34,14,120,90451,4,4.9,2,0,0,0,0,0,1
1622,23,0,47,93457,1,0.9,2,0,0,0,0,1,1
1623,63,39,30,90033,1,1.6,3,540,0,0,0,1,1
1624,23,0,144,94042,2,1.5,1,458,0,0,0,1,1
1625,47,24,50,94652,1,1.0,3,0,0,0,0,1,0
1626,66,43,66,94647,4,0.8,2,0,0,0,0,0,0
1627,48,24,43,90568,4,1.9,3,0,0,1,0,1,1
1628,48,25,105,93283,3,3.7,1,0,1,0,0,1,0
1629,40,18,106,91995,4,5.0,2,0,1,0,0,1,0
1630,28,7,157,90759,2,8.1,3,0,1,0,0,0,0
1631,48,26,128,91003,1,4.7,3,0,0,0,0,1,0
1632,62,42,123,91552,2,2.5,1,0,0,0,0,0,0
1633,27,6,70,94673,1,1.0,2,0,0,0,0,0,1
1634,61,37,65,92903,4,3.1,1,163,0,0,0,0,0
1635,41,16,104,90546,3,2.1,1,0,0,0,0,1,0
1636,46,26,68,91670,4,3.3,3,572,1,1,0,1,0
1637,30,10,130,91101,2,6.2,3,0,1,0,0,1,0
1638,50,30,41,90314,3,1.5,2,415,0,0,0,0,0
1639,31,7,26,95430,2,0.9,1,0,0,1,0,0,0
1640,35,14,98,95515,2,5.0,1,0,0,0,0,0,0
1641,54,33,54,90356,3,2.3,1,0,0,0,0,1,0
1642,25,5,38,93232,4,1.5,1,0,0,0,0,1,0
1643,42,17,210,95333,3,6.1,3,481,1,0,0,1,0
1644,49,27,73,93690,3,2.3,1,0,0,0,1,0,0
1645,28,4,33,92116,3,0.9,1,0,0,0,0,1,0
1646,35,11,50,90634,2,2.6,3,0,0,0,0,0,0
1647,38,18,62,90576,4,2.3,1,0,0,0,0,1,1
1648,52,28,97,95645,4,4.3,1,0,0,1,0,1,0
1649,65,42,51,93971,2,0.6,2,0,0,1,0,1,1
1650,59,36,67,95347,4,3.1,1,0,1,0,0,1,0
1651,31,10,85,96047,2,2.4,2,0,0,1,0,0,1
1652,23,0,93,92421,3,3.9,2,0,1,1,0,1,0
1653,25,0,70,94359,3,0.8,2,0,0,0,0,0,0
1654,49,27,175,91228,4,8.5,1,0,1,0,0,1,1
1655,29,9,105,94181,4,4.1,1,0,1,0,0,1,1
1656,33,8,102,94925,2,3.0,2,473,1,0,0,1,0
1657,60,35,100,93318,3,2.3,1,0,1,0,1,1,0
1658,61,38,131,93560,3,3.1,1,446,1,0,0,1,0
1659,59,36,82,92807,4,1.9,1,0,1,0,0,1,0
1660,34,13,41,95155,1,0.6,1,0,0,0,0,1,0
1661,50,30,91,93144,3,2.7,1,0,0,0,0,0,1
1662,49,24,97,92987,3,2.9,3,0,0,0,0,0,1
1663,31,9,142,92356,2,4.0,2,0,1,0,0,0,0
1664,47,26,39,95525,2,1.6,2,0,0,0,0,0,1
1665,46,22,44,90554,3,1.2,1,0,0,0,0,1,0
1666,40,20,75,94440,2,1.0,1,0,0,0,0,1,0
1667,56,36,102,92635,1,4.8,3,0,0,0,0,0,0
1668,52,31,35,92184,4,1.0,3,495,0,0,0,1,0
1669,46,24,39,92712,2,1.5,3,504,1,0,0,1,0
1670,54,32,115,94680,1,5.8,1,143,1,0,0,1,0
1671,56,35,35,92185,1,1.5,1,0,0,0,0,1,0
1672,47,25,44,91993,4,1.5,3,0,0,0,0,0,1
1673,34,12,119,96153,2,4.0,1,0,1,1,0,1,0
1674,56,33,101,92662,2,4.7,1,0,1,0,0,1,1
1675,54,31,51,94975,2,2.3,1,0,0,0,0,0,0
1676,66,41,95,92477,1,1.7,1,0,0,0,0,0,0
1677,29,5,85,96055,3,3.2,3,0,0,0,0,0,0
1678,41,20,68,92593,1,3.2,3,0,0,1,1,0,0
1679,63,38,59,92256,4,2.6,2,205,0,0,0,1,0
1680,45,22,93,94499,2,1.4,1,0,0,0,0,1,1
1681,64,43,37,95057,1,1.1,3,0,0,0,0,1,0
1682,23,1,92,91523,2,3.0,2,501,0,0,0,1,0
1683,24,0,81,95817,1,1.7,3,0,1,0,0,0,0
1684,58,34,84,92003,2,3.3,2,0,0,0,0,0,0
1685,38,16,43,95551,1,1.3,3,0,0,0,0,1,1
1686,45,25,144,93175,3,3.3,1,0,0,0,0,1,0
1687,41,20,51,93549,4,1.3,2,381,0,0,0,0,0
1688,40,20,55,91716,2,2.6,3,0,1,0,0,1,0
1689,64,40,67,91011,1,3.2,3,144,1,1,0,1,0
1690,27,4,101,90824,1,4.6,3,0,0,0,0,1,1
1691,56,34,83,90701,4,4.1,1,0,0,0,0,1,0
1692,62,38,29,94360,2,1.5,2,0,0,0,0,1,0
1693,51,27,73,93803,2,2.3,1,0,0,0,0,0,0
1694,40,16,76,93703,1,1.1,2,202,0,0,0,1,0
1695,30,10,146,95740,3,6.5,1,0,1,0,0,1,0
1696,53,30,62,95867,1,2.3,2,0,0,0,0,1,0
1697,43,18,96,93016,4,2.5,3,0,0,0,0,1,0
1698,29,5,262,94604,1,13.7,3,383,1,0,0,1,0
1699,38,17,132,90491,1,3.3,2,586,1,0,0,1,1
1700,65,43,42,93547,3,2.1,1,0,0,0,0,1,0
1701,34,9,108,92677,2,3.9,1,0,0,0,0,1,0
1702,30,10,93,91653,3,1.1,1,0,0,0,0,0,0
1703,53,30,61,92349,1,2.9,1,0,0,0,0,1,0
1704,31,11,109,91237,4,4.7,3,0,1,0,0,0,0
1705,63,38,41,93176,2,1.6,2,0,0,0,0,0,1
1706,60,40,51,93245,4,1.9,1,0,0,0,0,1,0
1707,66,46,67,90738,4,1.3,3,0,0,0,0,1,0
1708,63,42,59,92856,3,1.1,1,0,0,0,0,1,0
1709,33,12,103,91966,2,1.2,1,251,0,0,0,0,1
1710,32,10,72,92511,2,1.2,1,543,0,1,0,1,1
1711,38,17,56,95553,3,1.4,1,0,0,0,0,1,1
1712,43,21,131,92737,1,4.4,2,337,0,0,0,1,1
1713,61,38,101,94056,1,1.6,3,370,1,0,1,1,0
1714,55,32,32,91315,3,1.1,2,489,0,0,0,1,0
1715,51,26,32,95962,1,0.7,3,0,0,0,0,0,0
1716,61,39,56,92608,2,1.2,3,0,0,1,0,1,0
1717,51,28,35,91946,3,1.8,3,0,0,1,1,1,1
1718,39,15,120,90243,2,6.4,3,0,1,0,1,0,0
1719,41,20,53,95257,4,2.4,3,0,0,0,0,0,0
1720,45,21,96,93475,4,1.2,3,0,0,0,0,1,1
1721,26,1,107,90893,1,4.4,1,0,0,0,0,0,0
1722,55,34,24,93452,1,0.4,1,76,0,0,0,0,0
1723,51,30,54,91657,4,1.9,3,0,0,0,0,1,0
1724,55,33,65,94134,1,3.2,3,267,0,0,0,1,0
1725,46,25,85,91102,2,2.3,3,0,1,1,1,1,0
1726,57,34,117,94425,4,5.9,2,0,1,0,0,1,0
1727,64,39,215,91106,3,8.7,3,0,1,0,0,1,0
1728,48,25,166,94178,2,3.8,3,478,1,0,0,0,0
1729,42,22,71,91803,1,1.0,2,0,0,0,0,0,0
1730,27,6,71,94983,2,3.2,1,0,0,0,0,0,1
1731,57,33,157,93296,3,4.7,2,0,0,0,0,0,1
1732,62,41,73,90825,1,1.0,1,162,0,0,0,0,0
1733,53,30,53,95385,3,0.8,1,0,0,0,0,0,0
1734,61,37,121,95494,2,6.3,2,0,1,0,0,0,0
1735,60,39,87,92005,2,1.8,1,0,0,0,0,0,0
1736,58,35,32,92408,4,1.7,3,0,0,0,0,1,1
1737,45,23,62,90063,4,2.5,2,0,0,0,0,0,0
1738,27,7,35,94133,3,0.8,2,472,0,0,0,0,0
1739,23,1,17,92795,3,0.5,1,0,0,0,0,1,0
1740,31,9,178,90747,2,7.8,3,566,1,0,0,0,0
1741,41,21,79,94036,1,2.3,2,57,0,0,0,1,0
1742,55,30,63,91390,2,0.8,2,0,0,0,0,1,0
1743,43,20,56,91451,1,1.1,2,0,0,0,0,0,0
1744,24,4,74,95771,2,3.5,2,0,0,0,0,1,0
1745,32,7,55,94636,2,2.2,2,0,0,0,0,0,0
1746,66,41,42,90852,3,1.3,3,489,0,1,0,1,0
1747,66,46,57,93538,2,1.2,3,317,0,0,0,1,0
1748,39,19,149,92884,2,4.6,1,0,1,0,0,0,0
1749,58,36,120,90894,3,5.3,3,379,1,0,0,0,0
1750,54,31,57,90586,1,0.8,1,0,0,0,0,1,0
1751,63,39,188,95381,1,10.0,1,0,1,0,0,1,0
1752,62,40,71,90578,3,3.4,1,0,0,1,0,1,0
1753,50,27,47,93718,3,1.1,1,0,0,0,0,1,0
1754,40,20,89,96162,4,4.2,1,0,0,0,0,1,0
1755,50,27,161,92397,3,6.4,3,0,1,0,0,1,0
1756,37,12,145,93959,4,5.6,2,0,1,0,0,0,0
1757,38,15,49,92752,3,0.8,3,0,0,0,0,1,0
1758,49,27,38,93943,4,1.9,1,456,0,0,0,0,0
1759,48,27,60,91719,1,1.8,2,0,0,0,1,1,0
1760,48,23,97,91678,3,4.3,1,240,0,0,0,0,0
1761,39,19,111,93495,4,2.6,2,0,0,0,0,1,0
1762,41,20,134,90943,4,3.1,1,0,0,0,0,1,0
1763,23,3,81,93493,2,4.2,2,0,0,0,0,1,0
1764,49,24,82,93805,4,2.6,3,568,1,0,0,1,0
1765,48,26,79,96083,2,1.0,1,269,0,0,0,0,0
1766,64,39,125,91545,1,5.8,1,0,1,0,0,1,1
1767,45,22,112,90664,4,2.2,1,504,0,1,0,1,0
1768,43,20,48,91680,2,2.3,1,0,0,0,0,0,0
1769,25,2,105,94968,1,5.2,2,0,0,0,0,1,1
1770,31,10,121,92606,1,1.6,2,0,0,0,0,0,0
1771,37,14,126,91026,1,4.4,3,0,1,0,0,1,1
1772,39,15,87,91395,4,4.6,3,0,1,0,0,0,0
1773,38,13,85,94966,4,4.3,1,298,0,1,0,0,0
1774,40,17,72,95824,4,2.4,3,0,1,0,1,1,0
1775,56,31,77,90934,1,3.0,3,0,0,0,0,1,0
1776,28,3,173,93583,4,6.3,1,0,1,0,0,0,0
1777,37,14,78,96091,3,1.5,3,0,0,0,0,0,0
1778,30,8,50,90425,2,1.9,2,0,1,0,0,0,1
1779,36,16,88,90994,3,2.2,3,406,1,1,0,1,0
1780,53,32,110,92991,4,2.7,3,0,1,0,0,1,0
1781,25,0,123,90429,2,3.5,3,541,1,0,0,0,0
1782,37,17,42,93478,1,2.0,3,0,0,0,0,1,0
1783,24,2,154,94268,4,3.1,3,150,0,0,0,1,0
1784,65,41,108,92223,1,2.3,1,0,0,0,0,1,0
1785,54,33,149,95686,1,1.5,3,0,1,0,0,1,0
1786,33,8,34,95418,3,0.6,2,76,0,0,0,0,1
1787,31,8,128,94475,4,6.7,3,259,1,0,0,1,0
1788,27,7,41,93229,4,1.2,3,0,0,0,0,1,0
1789,43,22,64,90642,4,1.2,1,0,0,1,0,0,0
1790,56,32,110,91481,4,5.7,1,0,1,0,1,1,0
1791,48,23,39,96011,1,0.4,3,0,0,0,0,0,0
1792,61,36,55,93355,2,1.7,3,0,0,0,0,0,0
1793,38,13,33,92684,3,1.5,3,0,0,0,0,0,0
1794,35,15,108,94482,2,4.7,2,0,1,0,0,1,0
1795,44,20,47,91486,3,0.9,1,0,0,0,0,1,0
1796,31,11,75,91914,2,3.1,2,0,0,0,1,1,0
1797,65,45,93,92394,2,3.4,1,0,0,0,0,1,1
1798,31,7,88,95409,1,3.5,3,0,0,0,0,1,0
1799,44,22,83,92896,3,1.8,2,0,1,1,1,1,0
1800,45,22,83,90353,4,3.7,1,118,1,0,0,1,1
1801,25,0,35,92913,4,1.2,2,0,0,0,0,1,0
1802,43,23,66,91845,2,2.7,3,400,0,0,0,1,0
1803,43,20,83,92931,3,4.2,2,0,0,0,0,1,0
1804,34,9,78,95751,1,3.7,1,277,0,1,0,0,0
1805,28,6,70,91997,3,3.1,2,0,0,0,0,0,0
1806,24,1,51,91658,2,1.2,2,550,0,0,0,0,1
1807,23,1,87,92945,4,1.1,1,95,0,0,0,0,1
1808,44,19,95,90470,3,3.3,3,0,0,0,0,1,1
1809,26,6,59,91291,1,0.7,1,0,0,0,0,0,0
1810,65,40,123,90279,4,5.0,2,50,1,0,0,1,1
1811,33,9,156,95607,3,6.5,2,0,1,0,0,1,0
1812,51,27,76,94672,1,2.6,2,0,0,0,0,0,0
1813,52,30,48,90997,2,0.8,2,0,0,0,0,0,1
1814,44,21,38,92084,1,1.8,2,0,0,0,0,1,1
1815,61,39,63,90686,2,2.3,1,0,0,0,0,1,0
1816,27,6,73,94741,4,2.4,1,0,0,0,0,0,0
1817,33,8,37,90813,4,1.3,3,133,0,1,0,1,0
1818,34,11,62,94038,3,0.8,3,0,0,1,0,1,0
1819,28,4,120,93559,2,5.1,1,0,0,0,0,1,1
1820,35,15,22,94654,2,0.3,1,347,0,0,0,1,0
1821,36,12,79,95283,4,2.8,3,342,1,0,0,1,1
1822,56,33,55,95687,1,1.0,1,0,0,0,0,1,0
1823,36,11,74,92051,4,1.4,3,0,0,0,0,1,1
1824,61,41,160,95050,4,3.2,3,0,1,0,0,0,0
1825,56,33,73,91079,4,0.8,1,0,0,1,0,0,1
1826,62,39,67,90938,3,3.3,1,0,0,0,0,1,1
1827,27,4,105,95480,4,4.7,3,0,0,0,0,1,0
1828,66,46,87,95623,1,1.0,1,0,0,0,0,0,0
1829,50,28,79,94176,4,1.0,2,0,0,0,0,0,0
1830,66,45,89,92081,1,3.9,1,0,0,0,0,0,0
1831,38,15,137,92577,1,1.4,2,0,0,0,0,0,0
1832,64,43,116,94987,1,3.5,3,335,0,0,0,0,0
1833,48,26,65,91425,3,1.0,2,350,0,0,0,1,0
1834,26,3,156,93232,1,5.6,1,0,1,0,0,1,0
1835,41,21,57,92436,3,3.0,2,0,0,0,0,1,1
1836,29,5,79,91086,1,1.4,2,0,0,0,0,1,1
1837,64,40,83,93568,3,4.3,1,0,1,0,0,1,0
1838,36,16,63,94277,1,3.0,3,0,0,0,0,1,1
1839,32,12,147,91440,3,7.7,2,0,1,0,0,1,0
1840,47,22,61,94147,1,2.6,1,0,0,0,0,1,0
1841,41,20,70,95686,4,3.3,3,155,1,0,0,0,0
1842,27,2,125,95628,2,4.5,2,0,0,0,0,0,0
1843,58,36,58,95658,3,2.8,1,0,0,0,0,1,0
1844,60,38,37,92544,2,0.5,1,0,0,0,0,1,0
1845,55,34,80,94238,3,3.4,1,0,0,0,0,1,0
1846,50,27,42,94552,2,1.6,1,0,0,0,0,1,0
1847,40,20,40,96035,1,0.5,1,490,0,0,0,1,0
1848,46,24,22,93211,4,0.5,3,0,0,1,0,0,0
1849,45,23,24,95232,3,0.5,2,75,0,0,0,0,0
1850,30,10,25,93411,2,0.7,1,0,0,0,0,1,0
1851,26,4,166,95094,1,3.1,3,0,1,0,0,1,0
1852,34,11,25,92126,4,0.5,3,0,0,0,0,1,1
1853,42,18,42,90457,2,1.0,2,0,0,0,0,0,0
1854,30,10,70,92239,4,2.5,3,0,0,0,0,1,0
1855,27,2,102,92078,4,1.6,1,0,0,0,0,0,0
1856,60,35,108,94976,4,2.2,1,281,1,0,0,1,0
1857,39,15,48,94289,3,1.1,1,0,0,1,0,1,0
1858,48,23,78,93934,1,2.3,1,0,0,0,0,0,1
1859,46,24,69,91174,1,0.8,2,0,0,1,0,1,0
1860,55,31,76,94255,1,4.1,1,0,0,0,1,0,0
1861,55,31,81,94230,2,1.9,2,0,0,0,0,1,0
1862,36,13,92,95772,3,2.1,3,0,1,1,0,0,1
1863,60,39,54,91652,4,1.8,3,240,0,0,1,0,0
1864,39,16,134,94276,1,6.3,2,0,1,0,0,1,0
1865,59,34,179,90473,3,5.3,2,0,0,0,0,1,0
1866,40,15,62,94553,1,1.3,3,0,0,0,0,0,1
1867,27,5,210,95041,2,7.2,2,224,1,0,0,1,0
1868,56,35,56,94792,1,1.7,1,0,0,0,0,1,0
1869,24,0,79,92802,2,2.2,1,0,0,0,0,1,0
1870,56,36,69,92660,3,3.6,1,130,0,0,0,0,0
1871,24,4,77,90214,3,4.1,2,137,1,0,0,1,0
1872,32,9,127,92853,4,4.4,2,0,0,0,0,1,0
1873,49,24,67,94461,3,0.9,1,0,0,0,0,0,1
1874,64,43,39,96069,2,1.3,1,0,0,0,0,0,0
1875,40,18,54,90665,4,2.8,3,136,0,0,0,1,0
1876,28,7,67,93470,4,3.4,1,417,0,0,0,1,1
1877,33,11,82,91530,4,1.6,2,0,0,0,0,1,1
1878,62,42,49,92330,4,0.9,1,375,0,0,0,0,0
1879,54,31,51,94862,4,0.8,1,374,0,0,1,1,0
1880,27,4,84,90361,1,3.8,3,536,1,1,0,1,1
1881,39,18,85,90342,3,2.7,1,0,0,0,0,1,0
1882,34,13,117,91334,2,2.9,1,0,1,0,0,1,1
1883,30,6,54,91571,2,1.3,3,0,1,0,0,1,1
1884,60,39,97,94823,1,2.1,2,0,0,0,0,1,1
1885,50,30,69,91688,1,3.3,2,218,0,0,0,1,0
1886,30,10,58,95745,4,1.6,2,86,0,0,0,1,0
1887,51,26,71,96052,4,1.5,1,0,0,1,1,0,0
1888,41,19,76,94863,3,3.1,1,322,0,0,0,0,1
1889,25,5,37,92962,1,1.4,1,538,0,0,0,0,1
1890,42,17,38,94934,3,1.6,1,557,0,0,0,1,0
1891,31,11,104,91009,1,4.7,1,0,0,0,0,0,0
1892,33,11,61,95431,3,0.9,2,0,0,0,0,1,0
1893,61,41,83,92075,1,0.8,1,0,0,0,0,0,0
1894,54,30,103,92757,2,1.3,1,510,0,0,0,0,0
1895,28,4,71,95568,1,2.9,2,0,0,0,0,1,1
1896,60,36,98,90863,4,4.9,2,376,1,0,0,1,1
1897,48,27,76,90623,3,1.9,2,0,0,0,0,0,1
1898,61,40,78,93840,4,3.4,1,0,0,0,0,1,1
1899,55,30,132,96093,1,5.5,3,386,1,0,0,0,0
1900,37,13,67,95637,3,3.5,3,0,0,0,0,0,0
1901,46,26,105,96124,2,3.2,2,0,0,0,0,0,0
1902,46,22,33,92760,2,0.6,3,0,0,0,0,0,0
1903,54,30,81,93816,4,3.5,1,0,1,1,0,1,0
1904,33,10,149,95063,1,6.8,1,0,1,1,0,0,0
1905,37,14,218,91136,4,8.9,1,0,1,0,0,0,1
1906,33,13,34,95428,1,1.6,2,0,0,0,1,1,1
1907,36,16,61,95223,2,1.6,3,0,0,1,0,1,1
1908,30,10,43,90495,1,1.7,1,428,0,1,0,1,1
1909,24,4,68,92979,3,1.5,1,0,0,1,0,0,1
1910,64,39,114,92647,3,3.3,3,0,1,1,0,0,0
1911,26,3,135,94956,3,2.8,1,0,1,0,1,1,0
1912,62,38,137,92813,4,2.3,2,0,1,0,0,0,0
1913,23,2,33,95774,4,0.4,1,0,0,0,0,1,0
1914,57,32,75,92683,4,2.9,3,0,0,0,0,1,1
1915,37,16,53,92993,2,2.5,1,0,0,0,0,1,1
1916,45,20,66,91634,1,1.6,3,0,0,0,0,1,0
1917,35,15,57,95243,1,1.6,2,252,0,0,0,1,0
1918,44,24,33,93031,2,0.3,3,0,0,0,0,1,0
1919,42,22,135,93052,3,3.8,3,0,1,0,0,1,0
1920,46,22,49,94483,1,1.1,3,0,0,0,0,0,0
1921,40,19,54,94747,4,1.9,1,0,0,0,0,1,0
1922,46,24,150,94213,4,7.4,2,474,1,0,0,1,0
1923,59,37,30,91007,1,1.0,3,0,0,0,0,1,0
1924,42,18,92,95765,4,3.6,2,0,0,0,0,1,1
1925,38,16,122,95120,3,4.9,3,0,0,0,0,0,0
1926,28,8,144,94558,2,2.4,3,0,1,0,0,0,0
1927,38,16,89,93430,3,2.2,1,0,0,0,0,1,0
1928,28,7,106,94678,3,1.6,1,0,0,0,0,1,0
1929,31,7,122,94384,2,3.6,1,561,0,0,0,1,0
1930,64,40,69,91794,3,3.3,2,0,0,0,0,1,0
1931,26,6,45,92909,1,1.4,2,364,0,0,0,1,0
1932,44,20,156,90193,2,4.6,1,478,1,0,0,1,0
1933,59,39,100,90023,4,1.9,3,0,0,1,0,0,1
1934,64,41,75,93181,1,1.8,1,0,0,0,0,0,0
1935,29,7,34,94664,3,1.7,1,0,0,0,0,1,0
1936,30,9,20,94828,2,0.5,2,0,0,0,0,1,0
1937,39,17,91,95102,2,3.8,2,0,1,0,0,0,1
1938,47,26,19,92469,1,0.2,1,0,0,0,0,1,0
1939,65,41,75,93357,3,1.2,3,0,0,0,0,0,0
1940,32,7,50,95048,3,1.2,3,0,0,0,0,1,1
1941,30,6,57,90206,3,2.8,2,0,0,0,0,1,1
1942,34,12,138,93846,2,2.7,3,0,1,0,0,1,1
1943,61,38,50,92425,3,2.1,1,0,0,0,0,0,0
1944,24,2,77,92058,3,1.3,1,0,0,0,0,1,0
1945,39,15,50,93540,3,1.8,1,0,0,0,0,0,0
1946,28,5,86,92122,3,3.0,3,0,0,0,0,1,1
1947,29,7,80,93664,2,3.0,1,0,0,0,0,1,0
1948,63,41,75,94233,3,1.7,3,0,0,0,0,0,1
1949,23,1,122,93164,3,2.1,2,378,0,0,0,1,0
1950,37,14,30,93572,4,1.5,3,265,0,0,0,1,0
1951,63,39,26,92452,2,0.9,2,0,0,0,0,0,1
1952,49,27,38,90415,2,0.7,3,266,0,0,0,0,0
1953,26,2,80,92099,3,2.2,2,0,0,0,0,0,0
1954,43,19,94,93424,3,1.2,2,115,0,0,0,0,0
1955,65,43,14,92245,2,0.4,3,149,0,0,0,0,0
1956,40,15,94,90269,1,2.7,1,0,0,0,0,0,1
1957,46,25,170,93163,3,2.7,3,0,1,0,0,0,0
1958,46,21,61,93391,3,1.8,3,0,0,0,0,1,0
1959,52,31,158,95433,4,6.0,3,224,1,0,0,0,0
1960,31,8,90,95751,3,4.5,1,509,1,0,0,1,0
1961,59,38,148,93597,3,6.0,1,511,1,0,0,1,0
1962,66,44,134,90569,1,4.3,1,249,0,0,0,0,1
1963,29,7,61,94895,2,2.6,2,336,0,0,0,1,0
1964,59,35,114,93000,1,2.5,1,0,0,0,0,0,0
1965,58,38,61,93700,3,2.4,3,276,0,1,0,1,0
1966,55,30,168,94803,3,1.7,3,0,1,0,1,0,0
1967,39,14,64,93945,4,0.8,1,0,0,0,0,1,0
1968,43,20,97,92658,3,3.6,3,521,1,0,0,1,1
1969,59,36,185,95242,4,3.4,1,0,1,0,1,1,0
1970,29,5,99,92230,3,3.9,1,0,0,0,0,0,0
1971,59,38,58,94021,4,2.2,1,0,0,0,0,0,0
1972,63,39,35,93580,2,0.4,3,0,0,0,0,0,0
1973,53,32,30,95077,3,0.8,3,0,0,0,0,0,1
1974,38,14,93,95296,3,3.4,1,0,0,0,0,1,0
1975,47,26,71,91447,3,2.9,1,0,0,0,0,1,1
1976,25,1,38,95373,3,1.7,2,0,0,0,0,1,0
1977,63,39,107,93648,4,2.6,2,0,0,0,0,1,0
1978,38,17,107,91677,1,4.9,1,0,0,0,0,1,0
1979,25,2,70,93811,2,1.8,3,0,0,0,0,1,0
1980,57,35,152,95995,3,1.6,3,0,0,0,0,1,0
1981,51,30,27,93824,3,1.0,1,0,0,0,0,1,1
1982,50,27,59,91008,3,1.2,3,0,0,0,0,0,0
1983,25,0,99,93070,1,1.5,2,0,0,0,0,0,0
1984,56,36,41,91314,4,0.9,2,0,0,0,0,0,0
1985,51,26,113,91622,3,5.2,3,141,1,0,0,1,0
1986,57,32,131,94341,2,6.5,2,0,1,0,0,1,0
1987,59,36,17,90708,4,0.9,2,57,0,1,0,1,0
1988,32,9,155,95374,2,3.6,1,0,0,0,0,1,1
1989,32,10,95,95605,1,2.8,3,0,0,0,0,1,1
1990,63,43,55,91149,4,2.5,1,0,0,0,0,0,1
1991,46,23,32,91939,2,0.8,1,103,0,0,0,1,0
1992,42,18,121,92016,4,3.2,2,0,0,0,0,1,0
1993,35,14,37,90314,3,0.8,1,0,0,0,0,1,1
1994,51,27,95,90479,1,3.3,1,0,0,0,0,1,0
1995,56,32,38,94609,2,1.5,1,482,0,0,0,0,1
1996,23,0,74,92852,4,1.8,3,0,0,0,0,1,0
1997,47,25,118,91425,4,1.3,2,0,0,0,0,1,0
1998,66,44,56,93203,1,2.3,1,0,0,0,0,1,1
1999,35,13,154,91522,4,5.7,3,0,1,0,0,1,1
2000,35,10,100,93661,4,1.9,3,464,1,0,0,1,0
2001,61,36,41,91099,3,1.0,1,0,0,0,0,1,0
2002,25,3,33,91161,1,1.7,2,0,0,0,0,0,0
2003,40,15,47,95183,3,1.8,1,487,0,0,0,1,1
2004,43,20,72,91715,2,2.6,2,271,0,0,0,1,0
2005,58,36,162,91788,1,6.1,3,0,1,0,0,1,0
2006,28,8,178,94681,4,9.1,1,200,1,1,0,1,0
2007,42,19,55,92511,3,1.4,2,0,0,0,0,0,0
2008,29,6,54,90680,1,1.2,1,0,0,0,0,1,0
2009,57,32,109,94771,2,2.9,2,0,0,0,0,0,0
2010,50,26,108,90025,4,4.8,1,0,0,0,0,1,0
2011,44,24,141,92760,2,2.1,3,0,1,0,0,1,0
2012,40,17,143,92414,2,2.7,2,0,0,0,0,1,0
2013,29,5,45,94107,1,0.9,1,0,0,0,0,0,1
2014,63,41,30,93591,1,1.1,3,0,0,0,0,1,0
2015,51,29,101,93606,4,3.8,1,0,0,1,0,0,0
2016,37,13,83,95527,4,2.2,2,267,1,1,0,1,0
2017,41,18,22,93690,1,0.5,2,0,0,0,0,0,0
2018,54,30,29,90243,3,1.2,1,0,0,0,0,1,0
2019,54,32,98,90366,3,1.1,1,0,0,0,0,0,0
2020,43,22,68,92071,4,2.9,1,86,0,0,0,1,0
2021,36,13,99,90083,3,1.9,3,0,1,0,0,0,0
2022,52,27,39,95310,4,1.9,3,0,0,0,0,0,1
2023,51,28,103,94753,1,2.9,1,0,0,0,1,1,1
2024,49,25,88,94420,1,3.3,1,0,1,0,0,0,0
2025,26,6,107,94252,2,1.6,3,317,1,0,0,1,0
2026,43,18,57,93924,2,1.2,1,266,0,0,0,0,0
2027,50,29,50,92150,4,2.0,1,0,0,0,0,1,0
2028,64,39,32,90061,2,1.1,2,0,0,0,0,1,0
2029,46,24,62,90757,2,2.7,1,105,0,0,1,1,1
2030,38,13,128,92881,3,4.4,3,564,1,0,0,0,1
2031,47,22,146,91562,4,5.1,1,0,1,0,0,0,0
2032,30,6,37,96064,1,1.7,3,237,0,0,0,1,0
2033,26,1,72,95091,3,2.0,1,0,0,0,0,1,0
2034,52,29,163,94155,2,8.0,1,0,0,0,0,0,1
2035,66,41,175,92531,1,4.6,1,0,1,0,0,1,0
2036,60,39,61,95055,4,1.5,3,0,1,0,0,0,0
2037,48,28,134,92518,4,5.9,2,296,1,0,0,1,0
2038,24,1,122,93183,1,1.3,1,0,0,0,1,1,1
2039,66,42,116,94424,4,2.0,3,0,0,0,0,1,1
2040,42,18,27,92241,3,0.4,1,111,0,0,0,0,0
2041,35,12,53,93154,3,1.7,1,217,0,1,0,1,0
2042,62,39,68,91989,2,2.5,1,0,0,0,1,0,0
2043,55,32,67,91040,2,0.7,3,230,0,0,0,1,0
2044,55,30,71,94939,1,1.2,1,0,0,0,0,1,0
2045,35,10,185,96070,1,4.3,1,0,1,0,0,1,1
2046,66,46,62,92860,1,1.4,3,472,0,0,0,0,1
2047,42,19,90,90271,3,1.3,2,0,0,0,0,1,0
2048,46,24,89,91998,1,1.6,1,463,0,0,0,1,0
2049,56,32,72,95493,3,3.4,2,0,0,0,0,0,0
2050,52,29,39,94065,3,1.6,1,0,0,0,0,1,0
2051,30,5,77,91634,2,1.8,2,0,0,0,0,0,1
2052,36,14,22,96190,1,0.5,1,386,0,0,0,0,0
2053,38,14,95,90793,3,1.3,2,0,0,0,0,1,0
2054,64,44,20,92668,4,0.5,3,0,0,0,0,0,0
2055,54,29,91,93096,2,2.5,1,0,0,0,0,1,1
2056,39,19,51,91017,4,2.5,1,0,0,0,0,1,1
2057,55,33,42,91160,2,1.8,1,97,0,0,0,0,0
2058,55,30,109,93980,1,3.4,3,0,0,0,0,1,0
2059,40,15,58,90298,3,0.9,3,0,0,0,0,0,1
2060,40,18,75,92483,4,2.9,3,505,0,0,0,1,0
2061,62,40,28,94356,4,1.4,3,0,0,0,0,1,0
2062,47,27,152,93656,4,2.0,3,0,0,0,0,1,0
2063,29,4,79,92382,1,3.7,3,0,0,0,0,1,1
2064,54,34,79,96181,1,1.4,2,0,0,0,0,0,0
2065,48,28,136,93030,3,5.5,1,0,0,0,0,0,1
2066,45,23,96,92839,4,1.7,2,0,0,0,0,1,1
2067,54,34,16,93994,4,0.6,1,0,0,0,0,0,1
2068,62,42,160,91877,2,3.2,1,0,1,1,0,1,1
2069,37,14,61,92384,2,2.0,1,0,0,0,0,1,0
2070,41,17,155,96080,3,5.6,1,138,1,0,0,0,1
2071,31,10,59,91375,4,2.2,3,0,0,0,0,1,1
2072,51,27,52,94137,1,2.1,1,0,0,0,0,1,1
2073,40,17,93,94861,4,1.2,1,0,0,0,0,0,1
2074,38,17,205,91894,4,8.3,3,168,1,0,0,1,0
2075,53,29,134,91951,1,2.2,2,135,1,0,0,1,1
2076,40,17,98,91965,4,3.9,1,0,0,0,0,0,0
2077,43,19,92,92704,3,1.4,1,196,0,0,0,1,0
2078,42,22,77,93749,4,2.4,1,0,0,0,0,0,0
2079,34,13,152,94669,1,4.1,3,0,1,0,0,0,1
2080,28,7,111,92251,4,5.8,1,593,1,0,0,1,0
2081,59,37,32,93071,1,1.2,3,0,0,0,0,1,1
2082,27,2,42,94792,1,0.6,1,0,0,0,0,0,1
2083,37,13,100,90062,2,4.0,3,464,0,1,0,1,0
2084,52,29,38,91196,3,0.7,1,0,0,0,0,1,1
2085,28,5,79,90696,1,1.8,2,0,1,0,1,1,1
2086,51,26,116,91182,2,3.1,1,0,1,0,0,1,0
2087,55,33,93,95323,2,4.1,1,494,0,0,0,1,0
2088,52,31,35,91442,1,1.8,3,0,0,0,0,0,1
2089,36,16,43,95961,1,2.2,3,448,0,0,0,1,1
2090,23,2,95,95417,1,1.7,1,0,1,1,0,1,0
2091,62,39,193,92327,4,2.4,3,0,1,0,0,0,0
2092,37,15,70,90565,4,3.2,1,0,0,0,0,1,0
2093,58,36,118,91454,3,2.7,3,0,0,0,0,1,0
2094,31,9,94,93726,3,3.3,2,482,1,0,0,0,0
2095,30,5,51,92866,1,2.7,1,0,0,0,0,1,0
2096,57,32,119,95354,1,2.2,1,0,0,0,0,1,0
2097,64,44,27,92203,2,0.7,1,0,0,0,0,0,0
2098,60,40,114,91096,4,5.4,3,0,1,0,0,1,0
2099,56,35,97,94171,2,3.7,1,186,1,0,0,1,1
2100,33,8,54,95697,4,2.7,1,0,0,0,0,0,0
2101,63,41,40,93455,2,1.5,3,500,0,1,0,1,1
2102,52,27,57,94409,2,1.3,1,0,0,1,1,0,0
2103,30,7,49,93617,4,2.2,1,0,0,0,0,1,0
2104,28,5,64,91425,2,2.7,2,0,0,0,0,0,0
2105,61,40,60,93413,3,3.0,1,0,0,0,0,1,0
2106,35,13,54,96078,3,1.7,3,0,0,1,0,1,0
2107,56,36,26,96176,3,0.8,2,0,0,0,0,1,0
2108,29,6,37,95160,3,0.9,1,286,0,0,0,1,0
2109,35,14,129,93176,4,2.8,2,388,1,0,0,1,0
2110,35,14,55,90352,2,2.9,1,0,0,0,0,0,0
2111,35,15,64,92702,2,3.4,2,0,0,0,0,0,0
2112,52,28,58,95116,3,1.9,2,0,0,0,0,1,0
2113,63,38,153,95830,2,7.9,3,0,1,0,0,0,0
2114,63,41,48,93575,1,1.2,2,0,0,0,0,1,0
2115,55,32,46,90176,2,2.2,3,0,0,0,0,1,0
2116,31,6,98,95516,3,3.7,1,0,0,0,0,1,0
2117,65,42,82,95191,3,3.4,3,105,1,0,0,0,0
2118,46,23,99,93656,2,4.1,1,207,0,0,1,1,0
2119,47,25,96,92540,3,3.6,3,80,0,0,0,1,0
2120,53,30,120,94935,2,5.6,2,363,1,0,0,1,0
2121,56,33,34,91865,3,0.9,1,580,0,0,1,1,0
2122,64,40,93,95162,2,4.4,1,0,0,0,0,1,0
2123,48,25,46,92061,4,0.8,3,76,0,0,0,1,1
2124,49,26,22,94938,3,0.4,3,0,0,0,0,1,0
2125,55,35,96,94225,3,3.9,3,0,0,0,0,1,0
2126,34,9,93,90364,2,4.0,1,0,0,0,0,1,0
2127,36,11,73,90229,4,3.6,2,0,1,0,0,1,0
2128,50,29,122,94126,2,2.7,1,0,1,0,0,0,0
2129,25,4,47,92796,4,0.6,2,219,0,0,0,1,0
2130,37,12,104,95560,1,3.3,1,0,0,0,0,1,0
2131,54,33,68,94829,4,3.3,3,0,0,0,0,1,0
2132,65,41,71,95803,4,3.7,3,0,0,0,0,0,0
2133,45,21,24,91219,1,1.1,1,0,0,0,0,0,0
2134,40,15,122,94755,1,3.8,2,0,0,0,0,1,1
2135,42,22,91,92731,4,4.3,1,0,0,0,0,1,1
2136,53,31,102,91922,2,2.0,1,532,0,0,0,0,0
2137,46,23,43,92330,3,2.1,1,0,0,0,0,1,1
2138,24,0,85,95322,1,2.9,1,0,0,0,0,0,0
2139,46,25,68,93307,2,1.8,1,0,0,0,0,1,0
2140,40,19,93,90158,3,3.3,2,0,1,0,0,0,1
2141,53,32,83,92966,4,3.6,3,0,1,0,0,0,0
2142,61,37,169,94779,2,3.4,2,326,1,0,0,1,1
2143,65,40,142,94652,1,2.0,3,0,0,0,0,1,0
2144,49,29,63,93010,2,2.6,3,0,0,0,0,1,1
2145,38,17,96,94924,3,4.9,1,0,0,0,0,0,0
2146,42,21,61,95455,4,2.3,2,0,0,0,0,1,0
2147,30,5,120,90347,4,1.9,3,0,1,0,1,1,0
2148,64,42,69,93110,4,2.6,1,170,0,0,0,1,1
2149,60,39,56,95439,1,0.8,1,0,0,0,1,0,1
2150,60,39,85,92621,3,2.0,3,208,0,0,0,1,0
2151,37,14,136,96182,3,1.5,3,487,0,0,0,1,0
2152,37,15,125,95236,2,3.9,3,353,0,0,0,1,0
2153,60,40,58,91186,4,1.4,3,0,0,0,1,1,0
2154,46,22,162,92041,4,2.3,1,0,1,0,0,1,0
2155,54,32,45,92428,1,1.1,2,117,0,0,0,0,0
2156,44,23,52,93024,4,2.0,3,0,0,0,0,0,0
2157,42,18,117,94288,4,2.6,1,0,0,1,0,0,0
2158,50,26,22,95230,3,0.4,1,0,0,0,0,1,1
2159,58,38,75,93466,2,2.5,1,0,0,0,0,1,0
2160,37,17,63,90080,4,2.7,3,0,0,0,0,1,1
2161,58,38,167,95299,3,7.7,2,0,1,0,1,1,0
2162,33,9,40,92169,4,1.2,3,0,0,0,0,0,0
2163,40,17,43,92174,3,1.8,1,0,0,0,0,0,0
2164,63,39,179,95163,4,8.3,2,0,1,0,0,0,0
2165,64,41,64,95050,2,2.5,1,0,0,0,0,0,0
2166,63,41,133,95453,1,4.4,3,0,1,0,0,1,0
2167,36,13,58,95669,2,0.7,2,0,0,0,0,1,0
2168,60,36,51,90992,4,1.2,3,0,0,1,0,0,1
2169,64,42,137,91104,3,3.3,1,0,0,1,0,1,0
2170,66,41,202,92756,3,5.5,1,0,1,0,0,0,1
2171,23,0,142,96095,3,7.3,1,502,1,0,0,1,0
2172,55,31,56,92131,3,1.1,3,0,0,0,0,1,0
2173,66,41,73,92120,1,2.4,1,0,0,0,0,1,0
2174,56,34,44,96050,2,2.3,3,304,0,0,0,1,0
2175,33,13,48,96013,1,1.8,1,0,0,0,0,1,1
2176,56,34,47,93498,2,0.9,2,481,0,0,0,1,0
2177,27,3,59,93717,3,3.0,1,446,1,0,0,1,0
2178,44,20,80,92476,4,2.0,1,0,0,0,0,1,0
2179,50,28,75,95096,1,0.9,2,480,0,0,0,1,0
2180,43,22,108,95407,3,3.1,1,0,0,0,0,0,0
2181,53,31,82,91636,1,1.7,2,406,0,0,0,1,0
2182,33,9,103,94391,1,4.7,2,541,0,0,0,0,1
2183,49,29,112,93233,4,2.2,1,0,1,0,0,1,0
2184,51,30,57,94418,3,2.6,2,0,0,0,0,0,1
2185,50,29,68,92635,1,0.8,2,0,0,0,0,1,0
2186,35,11,313,93793,1,15.7,1,365,1,0,0,0,0
2187,36,14,54,93953,1,0.6,1,0,0,0,0,1,1
2188,34,14,106,92585,2,5.4,1,0,0,0,0,1,0
2189,43,22,35,91325,1,0.5,1,124,0,0,0,0,1
2190,48,28,113,90611,3,5.4,1,0,0,0,0,1,1
2191,38,16,49,96027,2,2.3,2,0,0,0,0,1,1
2192,41,16,76,93931,3,2.7,1,0,0,0,0,1,0
2193,35,12,32,92774,1,0.4,3,0,0,0,0,0,0
2194,32,7,72,92570,1,2.7,3,0,0,1,0,0,0
2195,51,27,73,92539,1,2.7,1,258,0,0,0,0,0
2196,58,33,67,92805,1,2.3,2,0,0,0,1,1,0
2197,35,14,94,92766,1,3.5,1,0,0,0,0,1,1
2198,60,35,131,95728,2,6.8,1,0,1,0,0,1,0
2199,48,27,43,92809,4,2.3,3,0,0,0,1,0,0
2200,30,8,68,94470,3,2.2,2,234,0,0,0,1,0
2201,39,15,33,93034,2,0.5,1,0,0,0,0,1,0
2202,23,2,25,94846,4,0.4,3,0,0,0,0,0,1
2203,24,3,81,90072,4,3.3,3,474,1,0,0,1,0
2204,37,17,41,94713,4,2.2,2,0,0,0,0,1,0
2205,42,22,75,91363,4,2.2,3,0,0,0,0,1,0
2206,58,35,83,92681,3,1.2,3,0,0,0,0,1,0
2207,28,3,28,93906,4,0.7,3,0,0,0,0,1,1
2208,59,38,90,93465,2,2.4,2,301,0,0,0,1,0
2209,33,11,127,90323,4,6.8,3,370,1,0,0,1,1
2210,29,4,101,93370,1,4.0,2,72,1,0,0,1,1
2211,53,29,43,90809,2,0.6,1,0,0,0,0,1,0
2212,57,37,72,91493,4,1.8,1,138,0,1,0,1,0
2213,49,26,76,92874,1,0.9,1,0,0,0,0,0,0
2214,28,8,69,93922,3,2.6,1,0,0,0,0,1,0
2215,28,7,34,93246,2,1.3,1,0,0,0,0,1,0
2216,40,19,47,92322,1,0.6,2,146,0,0,0,0,0
2217,42,19,65,90552,1,1.6,3,336,1,0,1,0,0
2218,66,45,83,90336,3,4.1,1,0,0,0,1,1,0
2219,35,14,54,92771,3,2.5,1,0,0,0,0,1,0
2220,31,10,24,96014,3,0.8,3,347,0,0,0,0,1
2221,64,42,56,95068,1,1.7,1,577,0,0,0,0,0
2222,29,6,169,92580,2,9.0,3,0,1,0,1,1,0
2223,24,2,90,91301,1,3.7,2,0,1,0,0,1,0
2224,41,20,81,92169,1,4.2,2,0,0,0,0,1,0
2225,40,17,47,93037,2,0.6,1,0,0,0,0,1,0
2226,50,27,57,93889,3,1.1,1,0,0,0,0,1,1
2227,61,41,23,93429,2,0.3,2,314,0,0,0,1,0
2228,64,39,45,92812,1,2.1,1,0,0,1,0,0,0
2229,35,10,88,93929,1,3.5,1,206,0,0,1,0,0
2230,66,43,82,96059,2,1.5,1,234,0,0,0,1,0
2231,50,27,51,92574,2,2.7,2,0,1,0,1,1,0
2232,26,2,69,90310,4,3.5,2,411,1,0,0,1,0
2233,64,42,75,95275,3,1.5,3,0,0,0,0,1,0
2234,29,7,53,95063,4,2.0,3,0,0,1,0,0,0
2235,48,26,93,93647,1,3.6,1,0,0,0,0,0,0
2236,57,37,81,90131,2,0.8,3,0,0,0,0,1,1
2237,33,8,58,95522,1,2.3,3,571,0,1,0,1,1
2238,34,13,36,91133,1,0.7,1,0,0,0,0,0,0
2239,43,22,56,95985,4,2.7,2,0,1,0,1,1,0
2240,61,36,54,91078,2,2.5,1,0,0,0,0,1,0
2241,32,9,51,90018,3,2.5,3,426,0,0,0,0,0
2242,52,29,28,92111,2,1.2,1,0,0,0,0,1,1
2243,42,21,145,93056,1,2.5,1,358,1,0,0,1,0
2244,27,6,142,95429,4,3.6,3,169,0,0,0,0,1
2245,54,30,67,90264,3,2.7,2,340,0,0,0,1,0
2246,59,37,82,91511,3,2.0,1,0,0,0,0,1,0
2247,48,28,92,94075,3,3.8,2,456,0,0,0,1,0
2248,30,5,68,93193,2,1.7,3,113,0,0,0,1,0
2249,29,7,85,95288,2,1.5,1,0,0,0,0,0,0
2250,41,17,99,92966,4,3.2,2,0,0,1,0,0,0
2251,45,23,79,93863,1,3.1,2,449,0,0,0,0,1
2252,47,24,109,91465,2,3.5,2,0,1,0,1,1,1
2253,33,9,50,92441,2,1.9,3,0,0,0,0,0,1
2254,45,20,72,92872,3,2.1,2,175,0,0,0,1,0
2255,35,14,255,93737,4,11.2,2,239,1,0,0,1,0
2256,53,29,122,95232,4,4.7,3,0,1,0,0,1,0
2257,58,33,80,92054,3,2.8,1,0,0,0,0,0,1
2258,51,28,43,94329,1,1.2,1,0,0,0,0,1,1
2259,23,3,74,91272,4,2.5,3,0,0,0,0,0,0
2260,66,45,118,92425,2,1.4,3,0,0,0,0,0,0
2261,24,3,105,90510,2,4.1,1,0,0,0,0,1,0
2262,66,46,25,91669,4,0.5,1,0,0,0,0,0,1
2263,24,0,29,94918,2,1.4,1,0,0,0,0,1,0
2264,45,20,30,93196,2,1.4,1,0,0,0,0,1,0
2265,27,4,93,95623,4,3.1,1,0,1,0,0,1,0
2266,27,4,30,91393,2,1.4,2,0,0,0,1,0,0
2267,53,29,42,92668,3,1.6,1,0,0,0,0,1,1
2268,55,33,66,90965,1,1.1,2,91,0,0,1,0,1
2269,28,6,128,91788,4,5.4,3,0,0,0,0,1,0
2270,65,42,95,90269,2,5.0,3,0,1,0,1,0,0
2271,37,16,62,91317,3,0.7,3,0,0,0,0,1,0
2272,37,17,110,90065,3,2.3,2,455,1,0,0,1,1
2273,36,13,196,94164,2,7.0,2,473,1,0,0,1,0
2274,43,19,74,96031,2,2.1,2,0,0,0,0,1,0
2275,30,10,34,90282,1,1.3,1,208,0,0,0,1,0
2276,41,20,42,92240,2,1.5,3,0,0,0,0,1,0
2277,32,11,42,95510,2,1.9,2,0,0,0,1,1,0
2278,25,1,48,90230,2,0.6,2,0,0,0,0,1,0
2279,39,16,60,94416,2,1.7,1,0,0,0,0,1,0
2280,52,29,84,93603,3,4.0,1,0,0,0,0,0,1
2281,56,33,32,95137,4,0.8,3,0,0,0,0,1,1
2282,38,17,35,92914,4,1.1,1,202,0,1,0,1,0
2283,37,13,99,90502,4,1.1,1,0,0,0,0,1,0
2284,57,37,54,93561,3,1.1,2,0,0,0,0,0,0
2285,52,32,45,96005,2,1.4,3,373,0,0,0,1,0
2286,59,35,64,93358,3,1.7,1,240,0,0,0,1,0
2287,62,39,140,90311,1,5.7,1,0,0,0,0,0,1
2288,59,38,106,90620,4,3.9,3,0,1,1,1,0,0
2289,64,42,102,93035,3,4.9,3,0,0,0,0,1,0
2290,41,21,166,94640,1,7.8,2,244,1,0,0,0,0
2291,40,16,86,91307,2,1.8,3,340,0,0,0,0,0
2292,37,13,174,92332,2,1.9,1,0,0,0,0,0,1
2293,33,12,181,95991,2,8.5,3,155,1,0,0,1,0
2294,55,33,32,96176,1,0.8,2,0,0,0,0,0,0
2295,54,33,27,95526,1,0.7,3,0,0,0,0,1,0
2296,58,36,41,93663,2,0.7,3,0,0,1,0,0,0
2297,30,9,133,95541,2,5.3,1,0,0,0,0,1,0
2298,44,23,64,93039,4,1.4,1,0,0,0,0,0,0
2299,32,10,60,96149,2,1.1,3,0,0,1,0,0,1
2300,62,37,112,92240,2,3.6,1,0,1,0,0,1,1
2301,34,10,53,95675,4,2.3,2,0,0,1,0,1,0
2302,29,8,80,93340,4,1.7,2,0,0,0,0,1,1
2303,48,23,99,95772,1,4.1,1,293,1,0,0,1,0
2304,61,40,43,92933,1,1.3,2,0,0,0,0,1,0
2305,63,38,37,95496,1,1.0,2,487,0,0,0,0,0
2306,27,6,74,93259,2,1.9,3,0,0,0,0,0,0
2307,37,14,79,95059,3,1.3,1,0,0,1,0,0,0
2308,29,8,107,96015,2,2.6,1,0,0,0,0,1,0
2309,36,12,40,90493,1,1.9,1,0,0,0,0,1,1
2310,46,25,48,92513,1,0.7,1,0,0,0,0,0,0
2311,35,10,180,90028,3,9.3,2,501,1,0,0,1,1
2312,25,5,120,91741,2,1.8,1,260,0,0,0,0,0
2313,45,22,68,90308,1,1.7,1,577,0,0,0,1,1
2314,25,5,131,92636,3,4.8,3,0,1,0,0,0,0
2315,32,7,40,92129,3,1.9,1,539,0,0,0,1,1
2316,23,1,63,90323,2,1.0,1,0,0,0,0,0,1
2317,26,2,79,92362,4,1.3,3,108,0,0,0,1,0
2318,42,17,60,92828,4,2.2,2,0,0,0,0,1,0
2319,60,37,61,90138,1,1.4,1,0,0,0,0,1,1
2320,57,37,104,95708,4,3.9,3,0,1,0,0,1,0
2321,27,6,121,91928,1,5.5,2,0,1,0,0,0,1
2322,24,3,56,91246,2,0.7,1,0,0,0,0,1,0
2323,37,12,33,90339,4,1.5,1,0,0,0,0,1,0
2324,51,26,29,90553,4,0.3,3,559,0,0,0,1,1
2325,55,33,22,94281,1,1.1,1,0,0,0,0,1,1
2326,59,34,164,90099,1,8.6,3,0,1,0,0,1,0
2327,38,17,105,90577,1,4.1,1,389,1,0,0,0,0
2328,30,6,93,93994,2,4.9,1,0,0,1,0,0,0
2329,24,2,52,92133,2,2.4,3,0,0,1,0,1,0
2330,29,8,52,94743,2,0.6,3,0,0,0,0,0,1
2331,25,4,124,94338,2,1.3,1,0,0,0,0,0,0
2332,60,38,28,94162,3,0.3,1,0,0,0,0,0,0
2333,34,12,57,90417,4,1.7,3,0,0,0,0,0,0
2334,59,38,133,93972,3,4.9,2,97,0,0,0,0,0
2335,47,25,57,95583,2,1.8,1,0,0,0,0,1,0
2336,46,26,102,95064,3,4.0,1,0,0,0,0,1,0
2337,43,18,69,95814,3,2.0,3,295,0,0,0,0,0
2338,59,37,15,95291,4,0.2,1,0,0,0,0,1,0
2339,24,4,67,95694,4,1.3,1,373,0,0,0,1,0
2340,27,4,75,92084,2,4.0,1,68,0,0,0,1,1
2341,41,16,65,91583,4,1.6,1,248,0,0,0,1,0
2342,40,18,36,93593,4,0.9,2,359,0,0,0,1,0
2343,47,22,65,91177,1,1.1,1,0,0,0,0,0,0
2344,55,32,22,94079,3,1.2,2,0,0,0,0,0,0
2345,48,24,57,96138,1,1.1,1,383,0,0,0,0,0
2346,34,13,106,92116,2,4.0,1,0,0,0,0,0,0
2347,37,17,159,92127,1,1.9,3,0,1,0,0,1,1
2348,56,34,145,93945,2,1.9,2,417,0,1,0,1,0
2349,31,6,40,93779,3,1.6,1,69,0,1,0,1,0
2350,45,21,30,94088,2,1.1,1,456,0,0,0,0,0
2351,46,22,79,92492,1,3.1,2,0,0,0,1,0,1
2352,56,31,72,90000,2,1.4,3,0,0,1,0,1,0
2353,54,32,98,91478,3,5.2,2,0,1,0,0,1,1
2354,43,22,50,90526,4,1.7,3,343,0,0,0,0,0
2355,36,11,73,91023,1,3.8,1,554,1,0,0,1,1
2356,39,16,71,94556,2,1.2,3,0,0,0,0,1,0
2357,41,20,58,90646,1,1.6,1,491,0,0,0,0,0
2358,32,11,26,90467,1,0.6,1,0,0,1,0,1,0
2359,50,25,105,91249,1,4.5,2,0,1,0,1,0,1
2360,32,12,79,93147,4,3.3,1,0,0,0,0,0,0
2361,51,31,109,90207,4,3.4,2,546,0,0,0,0,1
2362,56,32,123,90275,3,1.3,1,0,0,0,0,0,1
2363,65,45,68,95567,2,1.2,3,0,0,1,0,0,0
2364,28,7,106,95135,4,1.3,3,0,0,0,0,0,0
2365,56,31,161,91352,2,7.5,2,0,1,0,0,1,0
2366,26,4,190,93438,3,4.3,2,0,1,0,1,1,0
2367,37,13,84,94738,3,1.3,1,261,0,0,0,0,0
2368,30,8,88,91263,3,2.2,3,0,0,0,0,1,1
2369,30,10,84,93357,2,1.1,2,0,0,0,0,1,0
2370,30,9,96,95348,2,5.0,2,0,0,0,0,1,1
2371,24,0,121,90344,2,2.9,1,0,0,1,0,0,0
2372,59,39,83,90743,3,4.2,1,0,0,1,0,0,0
2373,25,2,184,95202,3,7.3,1,0,1,0,0,1,0
2374,40,18,170,95626,2,5.9,2,0,1,1,0,0,1
2375,53,31,75,94142,3,2.3,3,358,1,0,0,1,1
2376,66,41,75,96026,1,3.0,3,0,1,0,0,1,0
2377,60,37,56,94607,2,2.2,2,0,0,0,0,0,1
2378,29,6,99,94078,4,1.0,2,0,0,0,0,1,1
2379,66,44,61,90146,3,3.0,3,0,0,1,0,0,0
2380,51,29,54,95197,3,1.4,1,0,0,0,0,0,1
2381,30,6,97,91987,4,2.5,2,599,1,0,1,1,1
2382,42,22,38,95107,3,1.0,2,0,0,0,0,1,0
2383,63,42,122,90024,3,4.8,1,0,1,0,1,1,0
2384,40,17,100,92812,2,2.6,1,380,0,0,0,0,0
2385,31,8,165,93853,4,4.3,1,205,1,0,0,1,0
2386,61,41,85,90757,3,1.1,2,330,0,0,0,1,1
2387,64,40,108,92283,3,3.0,1,490,0,0,0,1,0
2388,65,42,18,90515,1,0.3,1,0,0,0,0,0,0
2389,65,44,116,92895,4,5.5,1,0,1,0,0,0,0
2390,61,37,139,90643,2,3.4,3,0,0,0,0,1,1
2391,42,17,80,91514,2,4.1,3,0,1,0,0,1,0
2392,31,9,56,93180,1,2.2,3,0,1,0,0,0,0
2393,50,29,86,92806,1,3.7,3,0,0,1,0,1,0
2394,32,11,122,90219,1,6.2,1,261,1,0,0,1,0
2395,43,20,130,95022,1,2.6,1,216,0,0,0,1,1
2396,51,31,27,92976,1,0.9,2,0,0,0,1,1,0
2397,64,42,277,91841,2,3.3,2,0,1,0,0,1,1
2398,35,15,54,91778,4,0.8,3,0,1,0,0,1,1
2399,34,14,109,90622,4,2.8,1,0,0,0,0,0,1
2400,55,33,148,95405,1,5.9,3,0,0,0,0,0,0
2401,23,0,71,94713,2,3.3,1,464,0,0,0,1,0
2402,47,22,133,90561,4,2.8,2,0,1,0,0,1,0
2403,55,35,26,95452,3,1.1,3,0,0,0,0,0,1
2404,47,26,21,94216,4,0.4,2,0,0,0,0,1,0
2405,39,17,136,94266,2,1.4,3,0,0,0,0,1,0
2406,59,36,127,90503,1,1.6,3,0,0,0,0,1,0
2407,39,14,92,91752,1,3.3,3,0,1,0,0,1,0
2408,54,30,122,93272,3,3.8,3,0,0,0,0,1,0
2409,43,20,172,94173,1,3.7,1,0,1,0,0,1,1
2410,24,4,150,92071,2,1.5,1,0,0,0,0,1,0
2411,46,26,73,94967,2,2.5,3,0,0,0,0,0,0
2412,25,5,86,93405,4,3.9,2,0,0,1,0,1,0
2413,63,40,67,95210,4,0.9,2,0,0,0,0,1,0
2414,49,28,62,90454,2,2.6,1,0,0,0,0,0,0
2415,39,18,115,91788,3,4.3,1,0,1,0,0,0,0
2416,44,20,66,93100,2,2.0,2,0,0,0,0,1,0
2417,50,26,115,94871,4,1.4,3,0,0,0,0,0,0
2418,34,12,71,93154,2,3.6,1,0,0,0,0,1,1
2419,35,10,77,91802,3,2.4,1,403,0,0,0,1,0
2420,41,17,46,95230,4,1.3,1,282,0,0,0,0,1
2421,34,10,114,90220,1,5.4,2,461,1,0,0,0,0
2422,56,31,26,90347,1,1.2,1,0,0,0,0,1,1
2423,27,6,139,92212,2,5.8,2,60,1,1,0,1,0
2424,59,35,223,90764,4,10.2,1,0,1,0,0,1,0
2425,38,13,78,91914,3,1.2,1,520,0,0,0,1,0
2426,47,22,76,96077,1,3.3,1,412,0,1,0,1,0
2427,29,6,30,92625,2,0.7,1,0,0,0,0,0,0
2428,39,15,56,93021,3,2.7,3,0,0,0,0,1,0
2429,56,31,123,92473,4,3.2,3,0,0,1,0,0,0
2430,34,9,132,94404,2,1.6,3,0,1,0,0,1,0
2431,28,3,84,92398,1,2.3,3,66,0,0,0,0,0
2432,45,21,119,91808,1,5.1,1,0,0,0,0,0,0
2433,30,8,47,90095,1,1.5,3,433,0,0,0,0,0
2434,36,12,95,93906,1,4.1,2,0,0,1,0,1,0
2435,42,20,158,94939,2,1.8,3,482,1,1,0,1,0
2436,47,23,105,92624,2,1.9,2,528,0,0,0,1,0
2437,51,27,171,91950,2,5.9,1,0,1,0,0,1,0
2438,52,27,174,95156,4,4.6,1,0,1,0,0,0,1
2439,60,37,98,95884,2,3.9,1,228,0,1,0,1,0
2440,25,3,11,92691,3,0.6,1,0,0,0,0,1,1
2441,38,18,131,91268,3,5.1,2,0,1,0,0,1,1
2442,23,0,36,94195,1,1.0,3,0,0,0,0,0,0
2443,23,0,15,93858,4,0.5,1,0,0,0,0,1,0
2444,32,9,24,92060,2,1.2,2,476,0,0,0,0,0
2445,49,25,136,95017,4,5.3,2,0,1,0,0,0,1
2446,62,37,98,91269,1,4.4,1,0,1,0,1,1,1
2447,57,37,85,90294,4,2.0,1,504,0,0,0,0,1
2448,51,29,103,91350,3,4.4,2,457,1,1,0,1,0
2449,57,33,24,94610,1,0.4,2,570,0,0,0,1,0
2450,30,6,66,93508,4,2.8,1,0,0,0,0,1,0
2451,59,35,52,94253,3,2.5,1,0,0,0,0,0,0
2452,62,38,81,93043,4,4.0,1,0,0,0,0,1,0
2453,27,2,83,90718,1,1.2,3,109,0,0,0,1,0
2454,43,18,101,94354,4,4.6,3,0,1,1,1,1,0
2455,59,36,109,94139,4,1.6,1,309,1,0,0,1,0
2456,43,22,25,95259,2,0.8,2,0,0,0,0,1,1
2457,59,36,67,90776,2,2.7,3,0,0,0,0,1,1
2458,64,40,75,90228,2,2.3,1,0,0,0,0,1,0
2459,43,23,36,91874,2,0.9,1,0,0,1,0,1,0
2460,25,1,34,94954,4,1.3,1,187,0,0,0,0,0
2461,37,14,24,90632,4,0.9,1,0,0,0,0,0,1
2462,32,7,31,95332,1,1.1,3,0,0,0,0,1,0
2463,43,22,118,95869,1,3.9,3,209,1,0,0,0,0
2464,48,23,28,94407,1,1.1,2,0,0,0,0,1,0
2465,43,21,30,95950,3,0.8,1,0,0,0,0,1,1
2466,31,8,80,94213,2,1.0,3,0,0,0,0,0,1
2467,36,13,94,90544,4,3.1,1,0,0,0,0,0,0
2468,52,29,74,95819,4,3.1,1,518,0,1,0,1,1
2469,24,0,40,94930,1,0.9,1,0,0,0,0,1,0
2470,32,11,34,95516,3,0.5,3,0,0,0,0,1,0
2471,62,38,78,90743,4,3.9,3,0,0,0,0,1,0
2472,27,2,70,92277,4,3.3,2,227,0,0,0,0,0
2473,41,20,60,91239,3,2.2,3,0,0,0,0,0,1
2474,32,11,115,93989,2,5.1,1,0,0,1,0,1,0
2475,27,5,67,93806,4,3.5,1,0,0,0,0,0,0
2476,41,17,32,93318,2,1.1,3,0,0,0,0,1,1
2477,45,20,60,91029,4,1.2,3,0,0,0,0,1,1
2478,30,6,100,90662,2,3.8,2,0,0,0,0,0,0
2479,26,2,65,96090,4,3.2,1,0,1,0,0,1,0
2480,28,6,99,91426,4,4.0,3,0,0,1,0,0,1
2481,51,28,110,95941,3,1.2,1,0,0,1,0,1,0
2482,60,39,67,93130,1,3.3,1,0,1,0,0,1,0
2483,30,8,74,90123,1,3.2,1,0,0,0,0,1,0
2484,37,16,63,92803,4,1.7,1,0,0,0,0,1,1
2485,38,18,100,95437,4,5.3,2,0,1,0,0,1,0
2486,38,13,62,93556,3,2.6,2,547,1,0,1,0,0
2487,33,9,95,95863,4,4.3,1,403,1,0,0,0,0
2488,25,2,84,94942,4,4.3,1,0,0,0,0,0,0
2489,46,26,23,95499,2,0.3,2,0,0,1,0,1,1
2490,38,18,98,94982,4,4.3,2,0,0,0,0,1,1
2491,38,18,80,94286,4,2.1,1,0,0,0,0,1,1
2492,34,10,142,91685,2,6.8,1,0,1,0,0,1,0
2493,63,42,37,93866,1,1.8,3,0,0,0,0,1,1
2494,49,28,85,91645,3,3.9,3,0,0,0,0,0,0
2495,41,16,57,93962,2,2.5,1,0,0,0,0,1,0
2496,32,7,25,93816,2,1.1,2,0,0,0,0,0,0
2497,58,34,21,94935,3,0.5,3,0,1,0,0,0,1
2498,62,41,157,92348,4,4.3,1,0,1,0,0,1,1
2499,24,1,85,91831,1,1.3,3,0,1,0,0,1,0
2500,63,42,66,95951,4,3.0,2,0,0,0,0,1,0
2501,53,28,29,92056,2,1.1,2,350,0,0,0,1,0
2502,27,7,152,93933,3,5.6,2,0,1,0,0,0,0
2503,56,32,49,95489,4,1.0,1,0,0,0,0,1,0
2504,27,4,87,91599,1,3.2,3,517,0,0,0,1,0
2505,25,1,78,92374,1,2.3,3,0,0,0,0,0,1
2506,28,6,191,90654,4,10.1,1,0,1,0,0,1,0
2507,43,23,73,91092,2,3.5,2,0,0,0,0,1,0
2508,50,26,55,94487,4,1.8,3,0,0,0,0,0,1
2509,40,17,85,90724,2,3.8,3,418,1,0,0,1,1
2510,28,6,91,91988,3,1.6,2,488,0,0,1,1,0
2511,31,9,263,90855,3,3.8,1,0,1,0,0,1,1
2512,60,38,72,91186,4,2.7,1,0,0,0,0,1,0
2513,65,43,36,94964,3,1.5,1,0,0,0,0,1,1
2514,56,35,60,91565,3,0.7,3,173,0,0,0,1,0
2515,27,6,85,93086,2,1.6,3,0,0,0,1,1,1
2516,59,38,94,94306,2,3.1,3,0,0,0,0,1,0
2517,53,33,28,95751,2,0.4,1,0,0,0,0,1,1
2518,46,21,56,94080,2,1.6,3,0,0,0,0,1,0
2519,29,8,185,92481,4,5.7,3,0,1,0,0,1,0
2520,66,46,43,90625,1,2.1,2,0,0,0,0,1,0
2521,42,22,117,92738,3,2.8,3,384,1,0,0,1,0
2522,24,0,61,94121,3,1.1,2,0,0,0,0,0,0
2523,32,10,75,90084,4,0.8,1,352,0,0,0,1,0
2524,40,19,30,93822,3,0.5,1,0,0,0,0,1,0
2525,25,3,65,90074,2,2.8,1,0,0,0,0,0,0
2526,37,17,85,94961,1,2.5,1,149,0,0,0,0,0
2527,43,22,73,95954,2,1.4,2,0,0,0,0,0,0
2528,64,43,67,90539,2,3.4,1,0,0,0,0,1,0
2529,26,2,101,95792,1,4.5,1,0,0,0,0,1,0
2530,48,28,34,91688,3,0.5,1,0,0,1,0,0,1
2531,63,41,87,90473,2,1.9,2,0,0,0,0,0,0
2532,58,34,20,94981,4,0.9,3,559,0,0,0,0,1
2533,63,38,135,91968,1,5.4,1,0,0,0,0,1,0
2534,30,7,68,92725,4,3.5,3,536,0,0,0,1,0
2535,58,37,113,96103,2,1.5,3,0,1,0,0,1,0
2536,66,44,13,95635,2,0.6,3,0,0,0,0,1,0
2537,37,16,104,93326,2,1.4,3,0,0,1,0,0,0
2538,44,21,48,94290,4,1.2,2,0,0,0,0,0,0
2539,46,25,75,91718,3,3.2,3,352,0,0,1,1,0
2540,44,21,105,90336,1,4.3,1,0,1,0,0,1,1
2541,35,12,71,94365,4,0.7,3,592,0,0,0,1,0
2542,65,40,98,92797,1,1.8,1,0,0,0,0,1,0
2543,65,43,62,95742,2,2.7,1,59,0,0,0,0,0
2544,39,14,140,91841,3,2.2,3,0,1,0,0,1,0
2545,58,36,68,91369,3,1.6,3,0,0,0,1,1,0
2546,40,16,69,94717,2,1.2,3,0,0,0,0,1,1
2547,57,34,70,93298,4,1.0,3,0,0,0,0,1,0
2548,48,24,74,90929,4,3.4,3,0,0,0,0,0,0
2549,43,21,35,93976,4,0.4,2,0,0,0,0,1,0
2550,28,4,42,95472,2,1.4,3,0,0,0,0,0,0
2551,51,29,122,93891,4,4.9,1,0,1,0,0,1,1
2552,37,15,113,94524,1,1.4,1,222,1,1,0,1,0
2553,32,10,109,91028,4,4.1,2,90,1,0,0,1,0
2554,31,7,94,93632,3,2.3,2,219,0,0,0,1,0
2555,66,43,55,94291,3,2.5,2,563,0,0,0,1,0
2556,27,7,52,93479,1,2.3,3,0,0,0,0,1,0
2557,58,34,72,95822,4,3.2,1,554,0,0,0,1,0
2558,61,37,132,95901,2,3.6,3,112,0,1,0,1,0
2559,24,4,82,93348,3,3.7,2,410,0,0,0,1,0
2560,48,23,41,95354,1,1.5,3,0,0,1,0,0,0
2561,48,25,31,90476,4,0.8,1,0,0,0,0,0,1
2562,38,18,115,95716,2,1.6,2,0,0,0,0,1,1
2563,52,30,154,90926,4,2.0,3,0,1,0,0,1,1
2564,40,15,27,95097,4,0.6,2,64,0,0,0,0,0
2565,42,21,117,92765,3,2.7,1,0,0,0,0,1,0
2566,41,16,92,92174,1,4.6,1,215,0,0,0,1,0
2567,58,36,47,95221,2,2.5,1,0,0,0,0,1,1
2568,50,29,83,91052,3,1.3,2,147,0,0,0,1,0
2569,39,17,37,93576,3,1.9,2,0,0,0,0,1,0
2570,63,40,65,91848,3,2.6,2,0,0,1,0,0,1
2571,58,34,74,91641,1,2.3,3,0,0,0,0,0,0
2572,64,39,140,95962,3,7.2,1,0,1,0,1,0,0
2573,55,34,63,91009,1,2.6,1,0,0,0,0,0,0
2574,40,15,50,95974,2,1.8,3,395,0,0,0,1,0
2575,57,34,89,90167,1,1.7,3,0,0,0,1,0,0
2576,37,17,100,91263,3,2.1,3,0,0,1,0,0,0
2577,34,9,49,92324,3,2.4,3,109,0,0,0,1,1
2578,42,20,40,91403,4,0.8,3,208,0,1,0,0,1
2579,65,42,42,91611,2,0.5,3,0,0,0,0,0,0
2580,47,23,140,94079,1,3.0,2,0,0,0,0,1,0
2581,39,19,97,90374,1,3.0,1,0,0,0,0,1,0
2582,43,22,61,93431,4,1.6,1,0,0,0,0,0,0
2583,35,11,128,92519,4,6.5,2,193,1,0,0,1,1
2584,51,30,48,93499,1,1.4,2,0,0,0,0,1,0
2585,38,18,71,92151,3,3.4,1,100,0,0,0,1,0
2586,47,27,37,95623,2,1.3,1,0,0,0,0,1,0
2587,39,15,125,92048,2,4.1,3,0,1,0,0,1,0
2588,37,17,46,93453,3,0.8,1,0,0,0,0,1,0
2589,65,45,47,92715,4,1.0,3,0,0,0,0,1,1
2590,38,15,90,93598,1,4.3,3,0,0,0,0,1,0
2591,26,6,19,92458,4,0.8,2,431,0,0,0,0,0
2592,39,16,33,94100,1,1.0,1,288,0,0,0,1,0
2593,46,23,107,91270,3,5.3,3,134,0,0,0,0,0
2594,27,4,42,93165,1,1.9,2,556,0,0,0,1,0
2595,36,14,225,95281,1,3.3,1,0,1,0,0,1,0
2596,30,6,80,93605,1,2.9,2,0,0,0,0,0,0
2597,45,22,26,91253,4,1.2,1,0,0,0,0,0,1
2598,54,32,16,94629,3,0.7,3,0,0,0,0,0,1
2599,65,45,158,91978,3,2.2,3,0,1,0,0,0,0
2600,40,19,80,95674,1,1.6,2,89,0,0,0,1,0
2601,60,40,66,95116,4,1.8,3,0,1,0,0,1,0
2602,32,12,80,95778,4,1.7,2,0,0,1,0,0,1
2603,57,36,26,95181,2,0.4,3,0,0,1,0,1,0
2604,47,26,72,94140,4,2.7,3,0,0,0,0,1,0
2605,56,36,44,94098,1,1.4,1,0,0,0,0,1,1
2606,56,35,69,91665,2,1.2,3,0,0,0,0,0,0
2607,46,23,56,92297,1,2.0,3,0,0,0,0,1,0
2608,34,13,78,95375,1,1.0,1,0,0,0,0,1,0
2609,46,25,61,93833,4,1.6,3,0,0,0,0,1,0
2610,59,39,54,94302,2,2.4,1,0,0,1,0,1,0
2611,65,45,41,91326,3,2.0,1,0,0,0,0,1,1
2612,63,43,26,92279,4,0.5,1,164,0,1,0,1,0
2613,30,8,23,91556,4,1.1,2,0,0,0,0,0,0
2614,49,26,33,93890,2,1.6,1,0,0,0,0,1,1
2615,27,3,103,93222,2,3.7,1,0,0,0,0,0,0
2616,52,29,40,92620,1,2.1,3,0,0,0,0,1,0
2617,66,43,49,94765,4,1.0,2,0,0,0,0,1,0
2618,25,0,50,95167,4,0.6,3,0,1,0,1,0,0
2619,51,30,57,95764,3,2.7,1,113,0,0,0,1,0
2620,64,40,93,92087,2,2.9,1,0,0,0,0,1,0
2621,60,35,61,92992,4,1.5,3,0,1,0,1,1,1
2622,40,17,113,92725,2,1.4,1,0,0,0,0,1,0
2623,27,2,34,95790,2,0.4,2,0,0,0,0,1,1
2624,63,43,107,94916,4,1.5,3,0,0,0,0,0,1
2625,63,38,148,95731,2,2.7,1,519,0,0,0,1,1
2626,48,25,71,91242,4,3.7,2,443,1,1,1,1,0
2627,66,45,38,93380,1,0.8,2,353,0,0,0,1,0
2628,23,3,94,93496,2,4.3,1,0,0,0,0,1,0
2629,50,26,72,92652,2,0.8,3,517,1,0,1,1,0
2630,24,2,85,92782,2,2.0,2,61,1,0,1,1,0
2631,64,43,115,95238,4,5.7,1,0,1,0,0,1,1
2632,52,30,58,92277,2,1.0,2,0,0,0,0,1,0
2633,63,38,53,92753,4,1.2,2,0,0,0,0,1,1
2634,47,25,249,90681,1,11.4,2,0,1,0,0,0,1
2635,26,6,95,93939,2,1.4,3,0,0,0,0,1,0
2636,24,3,126,90072,2,1.6,3,0,1,0,0,0,1
2637,37,17,111,94636,3,5.8,1,0,1,0,0,1,0
2638,55,31,126,93804,1,3.5,3,0,0,1,0,1,0
2639,29,5,87,95951,2,3.4,3,0,0,0,0,1,0
2640,60,35,118,93472,3,1.8,1,483,0,0,0,1,0
2641,33,10,49,94467,2,1.0,1,0,0,0,0,0,0
2642,44,20,26,95804,4,0.8,1,0,0,0,0,0,0
2643,31,9,43,91416,2,1.7,1,248,0,0,0,1,0
2644,43,20,66,91867,4,1.5,2,0,0,0,0,1,0
2645,42,22,62,93228,1,3.0,1,0,0,0,0,0,0
2646,23,0,72,90251,4,3.2,3,0,1,0,1,1,0
2647,47,24,48,91485,2,1.6,2,526,0,0,0,0,1
2648,57,37,20,92872,1,0.6,1,0,0,0,0,0,1
2649,64,41,57,91516,3,2.1,3,221,0,0,0,0,0
2650,37,13,31,90260,1,1.3,2,0,0,0,0,1,0
2651,61,39,71,94627,1,1.1,1,0,0,0,0,1,0
2652,61,38,89,91604,3,4.2,1,0,0,0,0,1,0
2653,66,45,57,90107,4,1.8,2,0,0,0,0,1,1
2654,39,18,37,94143,2,1.9,2,0,0,0,0,0,1
2655,60,40,74,91405,3,3.8,2,0,0,0,0,1,0
2656,47,26,256,92833,1,2.9,3,0,1,1,0,1,0
2657,25,1,95,94715,1,2.5,2,0,0,0,0,1,0
2658,34,9,99,92028,4,3.2,3,549,1,0,0,1,0
2659,52,29,53,93628,1,1.8,3,260,0,1,0,1,0
2660,30,7,44,94956,2,2.0,2,0,0,0,0,1,0
2661,42,19,127,94561,3,2.0,1,174,1,1,0,1,0
2662,57,35,17,92086,1,0.6,2,0,0,0,0,0,0
2663,29,7,47,92464,4,2.4,2,55,0,0,0,0,1
2664,44,21,167,90992,3,8.9,2,100,1,1,0,1,1
2665,32,8,68,90954,2,0.7,1,89,0,0,0,1,0
2666,46,24,28,91731,4,1.5,2,144,0,0,0,0,0
2667,33,10,91,95843,3,1.4,1,484,0,0,0,0,0
2668,65,43,57,95904,3,1.9,2,0,0,0,0,1,0
2669,26,5,24,95277,1,0.5,1,580,0,0,0,1,0
2670,65,44,81,91550,1,2.9,3,0,0,0,0,0,0
2671,57,37,75,93665,1,0.9,1,0,0,0,0,1,1
2672,60,38,73,92247,3,1.5,3,0,0,0,0,1,1
2673,60,36,94,91707,4,2.2,2,0,0,0,0,1,0
2674,31,7,35,91084,4,1.7,1,393,0,0,0,0,0
2675,63,38,86,95939,3,3.0,3,83,0,0,0,1,0
2676,49,29,78,94015,1,3.2,3,0,0,0,0,1,0
2677,65,41,125,94351,3,4.9,3,0,1,1,0,0,0
2678,61,37,47,91716,3,1.3,3,340,0,1,0,1,0
2679,48,26,137,96064,3,1.5,2,0,0,0,0,1,0
2680,39,18,110,91299,3,1.6,3,0,1,0,0,1,1
2681,28,6,67,91129,3,2.0,3,280,0,1,1,0,0
2682,27,3,73,93639,3,3.7,3,229,1,0,0,0,0
2683,40,15,17,95786,2,0.4,3,0,0,0,0,0,1
2684,58,35,71,94740,1,2.9,3,0,0,0,0,0,1
2685,45,22,106,95894,1,4.9,2,0,1,0,0,0,1
2686,44,21,61,93667,4,3.0,2,549,1,1,0,0,0
2687,33,13,125,91538,2,2.8,1,375,0,0,0,1,0
2688,47,24,91,93090,2,4.6,2,245,0,0,0,0,1
2689,51,31,194,93093,2,7.1,1,0,1,0,0,1,1
2690,66,41,49,96035,1,1.6,3,0,0,0,0,1,0
2691,55,30,101,91826,4,4.4,2,0,1,0,0,1,0
2692,49,26,32,91767,1,0.7,1,238,0,0,0,1,0
2693,63,41,64,92557,1,2.9,1,313,1,0,0,1,1
2694,41,17,94,92931,2,3.6,1,175,0,0,0,1,0
2695,64,41,104,93638,2,4.6,2,0,0,0,0,1,1
2696,39,15,59,91185,1,2.8,1,0,0,0,0,0,0
2697,28,5,132,95019,2,4.9,1,0,0,0,0,0,0
2698,41,20,148,93118,4,1.7,1,0,0,0,0,1,0
2699,28,8,49,92900,2,1.1,1,0,0,0,0,0,0
2700,28,7,65,93010,4,3.1,1,0,0,0,0,1,0
2701,61,38,62,95698,2,2.3,1,0,0,0,0,1,0
2702,57,35,53,94784,1,2.6,3,0,0,1,0,0,0
2703,32,9,143,93509,1,3.8,3,303,1,0,0,1,0
2704,59,38,142,92833,4,4.5,3,0,1,0,0,0,1
2705,26,1,63,91417,2,3.0,1,0,0,0,0,1,0
2706,35,13,100,90886,4,4.3,1,87,1,1,0,0,0
2707,54,29,124,95848,4,3.3,1,0,0,0,0,0,0
2708,36,14,82,95887,1,0.9,2,0,0,0,0,1,0
2709,55,33,60,91723,2,2.9,1,0,0,0,0,1,0
2710,61,38,47,91660,3,2.1,1,0,0,0,1,1,1
2711,25,4,106,95304,1,3.1,2,194,0,1,0,1,1
2712,24,3,33,91518,4,1.1,1,0,0,0,0,0,0
2713,64,42,61,94236,1,1.2,2,0,0,0,1,0,0
2714,45,21,55,95590,4,1.5,2,0,0,0,0,1,1
2715,45,25,32,95744,4,0.5,3,262,0,1,0,1,1
2716,43,21,68,94107,3,1.3,1,0,0,0,0,1,0
2717,42,18,65,90715,4,3.0,1,0,0,0,0,0,1
2718,53,29,41,95492,4,1.1,2,0,0,0,0,1,0
2719,48,26,140,91237,3,6.3,1,297,1,0,0,0,0
2720,30,10,106,91784,3,3.2,1,428,0,0,0,0,0
2721,50,30,73,91099,2,1.0,2,0,0,0,0,1,1
2722,52,30,115,90325,2,3.0,1,0,0,0,0,1,0
2723,27,3,129,91196,4,2.2,1,0,1,0,0,1,0
2724,39,19,143,92686,1,5.7,2,293,1,0,0,0,1
2725,57,32,48,90086,2,2.4,3,0,1,0,0,1,0
2726,50,26,115,91519,3,5.0,1,0,0,0,0,1,0
2727,29,9,65,90932,2,2.8,2,89,0,0,0,1,0
2728,24,2,81,94526,2,3.8,3,84,0,0,0,1,1
2729,48,27,50,94239,3,2.2,1,0,0,0,0,1,1
2730,43,18,71,91333,2,2.5,3,0,0,0,0,1,0
2731,65,42,116,95367,4,4.8,1,154,1,0,0,1,1
2732,45,24,163,90484,1,4.6,3,0,0,0,0,0,1
2733,63,42,68,90982,2,0.9,1,0,0,0,0,0,1
2734,32,9,42,92931,4,1.7,1,0,0,1,0,0,1
2735,42,22,176,95634,2,7.3,3,0,1,0,0,1,0
2736,29,8,47,91748,3,0.9,2,0,0,1,0,1,1
2737,48,28,26,95974,3,1.3,1,593,0,0,0,1,1
2738,31,8,52,91578,2,0.6,3,174,0,1,0,1,1
2739,44,20,18,93923,3,0.8,3,96,0,0,1,1,0
2740,38,16,126,91950,1,6.5,2,0,1,0,0,1,0
2741,31,11,23,93702,3,0.5,1,0,0,0,0,1,1
2742,27,5,46,91898,1,2.3,1,558,0,0,0,1,0
2743,45,20,36,91519,3,1.6,3,0,0,0,0,1,1
2744,64,43,76,92740,1,3.2,1,0,0,0,0,0,0
2745,31,11,163,92049,4,8.4,1,0,1,0,1,0,0
2746,40,20,92,93576,3,3.5,1,319,0,0,0,0,0
2747,32,8,33,93039,1,1.0,1,0,0,0,0,1,0
2748,58,38,210,93338,1,8.2,2,0,1,0,0,1,0
2749,41,18,87,90921,1,2.4,1,75,0,0,0,0,0
2750,65,40,119,93690,4,2.9,1,52,0,0,0,0,0
2751,33,10,29,94509,3,0.4,1,446,0,0,0,0,0
2752,26,4,191,90798,2,5.0,1,0,1,0,0,1,0
2753,48,27,58,91243,2,2.6,1,425,1,0,0,0,1
2754,51,31,28,90371,1,1.4,1,0,0,0,0,1,0
2755,66,46,82,91402,1,4.3,3,0,1,0,0,1,0
2756,61,36,119,95776,4,2.3,1,0,0,0,0,0,1
2757,61,41,100,90591,3,3.5,1,0,0,0,0,0,0
2758,50,30,99,91382,2,3.5,2,0,0,0,0,1,1
2759,38,14,95,90859,1,1.7,3,0,0,0,0,0,1
2760,41,19,78,95148,2,2.7,2,0,0,0,0,1,0
2761,28,6,29,93596,2,0.7,3,0,0,0,0,1,0
2762,41,17,64,90409,1,3.3,1,0,0,0,0,0,0
2763,39,16,59,91464,3,1.2,1,0,0,0,0,0,0
2764,24,0,144,94190,3,6.7,1,0,1,0,0,1,1
2765,31,9,126,94664,4,6.2,1,0,1,1,0,0,0
2766,46,22,55,93739,2,2.3,3,0,0,0,0,1,0
2767,39,14,109,93507,2,2.1,2,0,0,0,0,1,1
2768,66,44,69,92868,4,1.5,3,0,0,0,0,0,0
2769,44,23,26,95191,2,1.4,3,0,0,0,1,0,1
2770,65,40,18,92317,3,0.2,3,166,0,0,0,1,0
2771,52,31,102,95983,3,1.5,1,0,1,0,0,1,0
2772,24,4,39,95359,4,2.0,3,56,1,0,0,0,0
2773,31,8,39,95759,2,1.7,2,0,0,0,0,0,0
2774,54,29,48,94359,3,2.0,1,58,0,0,0,1,0
2775,46,26,103,92137,1,1.7,2,71,1,0,1,1,0
2776,36,11,127,94010,4,4.0,3,268,1,0,0,1,0
2777,45,21,126,92856,1,5.9,3,0,1,1,0,1,1
2778,62,37,25,95750,3,0.6,1,0,0,0,0,1,0
2779,40,18,47,95624,1,0.9,3,0,0,0,0,0,0
2780,24,3,43,90416,2,0.5,2,0,0,0,0,1,0
2781,36,13,103,94672,1,3.8,2,0,1,0,0,0,0
2782,64,44,47,94644,3,1.1,1,0,0,0,0,1,0
2783,56,31,67,93790,2,3.2,1,0,0,0,0,0,0
2784,59,36,108,96001,3,2.4,1,0,0,0,0,0,1
2785,63,41,74,90487,2,1.2,3,0,0,0,0,1,1
2786,28,5,86,96022,1,4.4,3,0,1,0,0,1,0
2787,35,11,65,90026,3,3.4,1,251,0,0,0,0,1
2788,25,2,120,91075,3,4.8,1,0,1,0,0,1,0
2789,23,0,127,94003,3,6.4,1,579,1,0,0,1,0
2790,59,34,95,95021,2,1.6,3,0,0,0,0,1,1
2791,64,39,127,95612,3,3.8,2,0,1,0,0,1,0
2792,29,6,247,90364,3,4.7,2,0,1,1,0,1,1
2793,54,30,107,95106,1,3.3,1,457,0,0,0,0,0
2794,46,25,71,94290,1,3.1,1,0,0,0,0,0,0
2795,26,6,87,92489,2,4.1,3,0,0,0,0,1,0
2796,63,41,134,93975,1,1.4,2,0,0,0,0,1,1
2797,61,36,57,92454,3,1.5,1,0,0,0,1,1,0
2798,47,27,55,92825,1,2.9,1,53,0,0,1,1,0
2799,54,31,87,91288,1,3.1,1,0,0,0,0,1,0
2800,40,19,70,92135,1,1.6,1,0,0,0,0,1,1
2801,57,35,42,94112,2,1.1,1,0,0,0,0,1,1
2802,42,22,79,91482,1,1.9,3,0,0,0,0,1,0
2803,66,42,149,94921,3,4.4,1,0,0,0,0,1,0
2804,25,1,93,92166,1,2.7,1,332,0,0,0,1,0
2805,30,6,38,95723,4,1.2,2,535,0,0,0,0,0
2806,65,41,102,90616,3,3.1,1,337,0,0,0,1,0
2807,35,14,62,92173,1,2.0,2,0,0,0,0,0,0
2808,36,13,203,91874,2,2.3,3,0,1,0,0,0,0
2809,57,37,97,93537,1,1.2,1,0,0,0,0,0,1
2810,31,9,52,93148,4,1.4,3,0,0,1,0,1,0
2811,45,22,106,90401,3,5.1,1,0,1,0,0,1,0
2812,35,11,83,93191,4,3.7,1,0,0,0,0,1,0
2813,31,11,141,93303,2,2.1,1,0,0,0,0,1,1
2814,65,41,55,93577,1,1.7,2,0,0,0,0,1,1
2815,31,9,97,93312,1,3.5,1,0,0,0,0,1,0
2816,27,2,29,94508,2,0.9,3,0,0,0,0,0,0
2817,52,29,78,94465,4,3.1,1,0,0,0,0,0,0
2818,61,38,37,90723,2,2.0,2,0,0,0,0,1,1
2819,28,4,81,93953,4,1.1,1,0,1,0,0,1,0
2820,54,30,91,95270,2,2.9,1,0,0,0,0,1,1
2821,46,26,95,92889,1,3.1,2,0,0,0,0,0,1
2822,59,36,55,92268,2,1.9,1,0,0,0,0,0,0
2823,28,8,79,93232,1,1.4,1,0,0,0,0,0,0
2824,65,43,132,91185,3,5.0,2,0,0,0,0,1,0
2825,50,26,173,92813,1,2.1,3,492,1,0,0,1,1
2826,60,35,80,91112,3,3.4,3,0,0,0,0,1,1
2827,38,17,134,92225,2,5.2,1,451,1,0,0,1,1
2828,64,42,45,94996,2,1.1,1,337,0,0,0,1,0
2829,50,27,60,95704,3,3.2,1,170,0,0,0,0,1
2830,28,6,85,92963,3,3.9,1,0,0,0,0,0,0
2831,63,42,70,95789,4,2.3,1,0,0,0,0,1,0
2832,58,37,66,91597,2,3.5,1,0,1,0,0,1,0
2833,36,14,126,91566,4,5.8,1,0,1,0,1,1,1
2834,47,24,41,95774,4,0.7,2,0,0,0,0,1,0
2835,40,15,43,93852,4,1.5,1,0,0,0,0,1,1
2836,46,23,34,93634,4,1.2,1,0,0,0,0,1,0
2837,65,43,87,92239,4,3.3,1,0,0,0,1,1,0
2838,62,39,62,93932,2,3.1,1,230,0,0,0,1,0
2839,32,8,120,95831,3,3.8,3,0,1,0,0,1,0
2840,65,43,83,91537,4,1.1,1,0,0,0,0,1,0
2841,42,20,54,94721,2,1.7,1,257,0,0,0,1,0
2842,54,33,49,92478,4,2.2,3,0,0,0,0,0,0
2843,56,31,18,92175,3,0.5,1,0,0,0,0,1,1
2844,44,19,68,91903,2,0.8,1,0,0,0,0,1,1
2845,43,22,37,95341,4,0.9,3,0,0,0,1,1,1
2846,43,21,128,91524,1,5.1,2,553,1,0,0,1,1
2847,60,39,61,92644,3,0.8,3,107,0,0,0,0,1
2848,39,14,31,95572,4,0.8,3,0,0,0,0,0,1
2849,35,15,142,93023,1,2.2,2,0,0,0,0,0,1
2850,38,17,68,90796,2,2.1,1,0,0,0,0,0,0
2851,31,10,101,96052,3,1.6,2,323,1,0,1,0,0
2852,40,17,54,90553,1,0.8,1,0,0,0,0,1,0
2853,28,7,144,95557,4,5.8,2,0,1,0,0,0,0
2854,26,3,46,92357,3,0.8,3,371,0,0,0,1,1
2855,54,30,62,94038,2,1.0,1,0,0,0,0,1,0
2856,26,2,25,94077,2,0.9,3,0,0,0,0,0,0
2857,48,28,142,91661,1,1.7,2,203,0,0,0,0,0
2858,57,37,51,91957,1,0.6,1,0,0,0,0,1,1
2859,54,34,88,90826,3,2.5,3,0,0,1,0,0,0
2860,42,17,94,91254,4,2.4,2,0,0,0,0,1,0
2861,31,8,130,90339,2,4.4,2,0,0,0,0,1,0
2862,63,40,84,90338,1,4.5,2,263,0,0,0,1,0
2863,59,35,71,92582,3,2.0,1,0,0,0,0,0,1
2864,49,26,123,95162,3,4.3,1,317,1,0,0,0,0
2865,26,5,94,92438,1,4.7,2,0,0,0,0,0,0
2866,24,1,65,94565,3,2.0,3,598,0,0,0,1,1
2867,36,12,146,92025,1,6.4,2,0,0,0,0,1,1
2868,29,9,98,93997,1,3.3,3,0,1,0,0,1,0
2869,60,37,36,93232,2,1.4,3,342,0,0,0,0,1
2870,32,10,160,94545,3,8.1,1,0,1,0,0,0,1
2871,35,15,54,94210,3,0.5,3,0,0,0,0,0,0
2872,65,44,130,95217,3,6.4,3,202,1,0,0,1,0
2873,59,37,31,93433,1,1.0,1,0,0,0,0,1,0
2874,32,10,122,91648,2,4.4,1,0,0,0,0,1,1
2875,39,18,37,90518,3,1.1,3,0,0,0,0,1,0
2876,45,22,83,94902,3,1.8,3,0,0,0,1,0,0
2877,52,30,96,91248,1,1.2,3,190,0,0,0,1,0
2878,64,42,66,90638,4,3.4,2,313,0,0,0,0,1
2879,61,37,75,92639,1,2.8,3,0,0,0,0,1,0
2880,65,45,41,95786,4,2.0,2,0,0,0,0,0,0
2881,24,2,116,91991,3,2.6,3,0,1,0,0,0,0
2882,33,13,85,93501,1,1.9,2,0,0,0,1,1,0
2883,47,22,46,92884,2,1.1,3,302,0,0,0,0,1
2884,25,4,87,94734,2,1.7,3,88,1,1,0,1,0
2885,38,14,89,95061,4,2.8,1,0,0,0,0,1,0
2886,29,8,77,93019,3,3.9,3,522,1,0,0,1,1
2887,64,43,18,92693,2,0.9,2,0,0,0,0,1,0
2888,25,2,61,92481,4,1.9,1,314,0,0,1,0,0
2889,29,5,115,94381,1,2.9,1,331,0,0,0,1,0
2890,31,10,99,94377,4,3.6,2,328,1,0,0,1,0
2891,29,8,97,91613,4,3.5,1,0,0,0,0,0,0
2892,48,23,85,92042,2,3.4,1,0,1,0,0,0,0
2893,39,18,122,94449,1,4.1,2,0,0,0,0,0,0
2894,63,42,53,93719,4,0.6,1,0,0,0,0,1,0
2895,34,10,47,94537,4,0.6,1,130,0,0,0,1,0
2896,46,26,181,90008,2,9.4,3,0,1,0,0,1,0
2897,52,27,50,95486,1,2.1,1,0,0,1,0,0,0
2898,50,25,35,95196,2,1.8,2,0,0,0,0,1,0
2899,58,33,65,95530,1,1.6,1,0,0,0,0,0,0
2900,31,10,79,91034,3,2.6,3,0,0,0,0,0,1
2901,45,25,122,93493,3,2.9,1,0,0,0,0,1,0
2902,58,36,61,93804,2,3.0,3,0,0,0,0,1,0
2903,60,38,60,91792,3,1.3,3,0,0,0,0,1,1
2904,50,25,75,95302,3,3.0,3,0,0,0,0,1,0
2905,51,28,55,90368,1,1.0,2,0,0,0,0,0,0
2906,61,36,31,94218,2,0.5,2,336,0,0,0,1,1
2907,50,26,37,93543,4,0.6,1,210,0,0,0,0,0
2908,64,40,140,92937,4,4.6,2,0,1,0,0,1,1
2909,28,8,108,94781,4,5.0,2,0,0,0,0,0,0
2910,38,18,74,93127,4,3.9,2,291,0,0,0,1,0
2911,27,7,99,90416,1,3.7,1,0,1,0,0,1,0
2912,26,3,110,92723,2,3.6,2,0,0,0,0,0,0
2913,43,22,52,95789,2,2.3,2,513,0,1,0,1,1
2914,32,7,41,90214,3,0.5,2,0,0,0,0,0,0
2915,40,20,132,90371,4,5.9,2,0,1,0,1,0,0
2916,42,17,20,94799,3,0.9,1,0,0,0,0,1,0
2917,50,26,100,90674,3,3.3,2,0,1,0,0,1,0
2918,64,44,82,95929,1,0.9,1,0,0,0,0,1,0
2919,60,40,125,93359,3,2.3,3,0,1,0,0,1,0
2920,39,17,102,94467,4,2.7,3,0,1,0,0,1,0
2921,37,15,98,94337,4,5.0,1,0,1,0,0,1,0
2922,56,35,44,95572,3,1.7,1,0,1,0,0,0,1
2923,28,5,112,96192,1,3.6,2,0,0,0,0,0,0
2924,46,26,93,95403,1,2.9,3,0,0,0,0,1,0
2925,41,21,47,94200,3,2.1,1,0,0,0,0,0,0
2926,31,7,83,92202,4,2.0,2,169,0,0,0,1,1
2927,50,25,39,92001,4,0.5,1,0,0,0,0,1,0
2928,37,16,68,92250,2,2.7,3,578,0,0,0,1,0
2929,31,6,221,96014,3,5.4,1,0,1,0,0,1,0
2930,51,29,42,92848,1,1.0,3,162,0,0,0,1,0
2931,30,8,31,90257,3,0.9,2,0,0,0,0,0,0
2932,52,32,37,90567,1,0.8,3,0,0,0,0,1,0
2933,30,8,67,93451,4,3.3,3,0,0,0,0,0,0
2934,42,20,106,90277,4,5.0,2,0,1,0,0,1,0
2935,58,35,76,94228,1,4.0,2,330,0,0,0,1,0
2936,33,13,33,90015,4,1.7,3,101,0,0,0,1,0
2937,56,35,105,94137,4,2.5,3,408,1,0,0,1,1
2938,54,32,24,93278,2,0.6,2,0,0,1,0,1,0
2939,62,42,36,94141,2,1.4,1,0,0,0,0,1,0
2940,30,10,54,93339,1,0.6,3,450,0,0,0,0,1
2941,54,31,130,92461,4,6.9,1,0,0,0,0,1,1
2942,64,39,78,90482,1,0.8,3,219,0,0,1,0,0
2943,56,33,79,93694,4,2.6,1,0,0,0,0,1,0
2944,31,11,34,91099,3,1.3,2,0,0,0,0,1,0
2945,59,34,57,95496,4,2.8,3,0,1,0,0,1,0
2946,27,4,120,94597,2,4.5,2,0,1,0,0,1,1
2947,48,24,90,95872,4,3.2,2,0,1,0,0,1,0
2948,44,23,107,93297,2,2.5,1,0,0,1,0,1,1
2949,46,23,73,95717,2,2.6,1,142,0,0,0,0,0
2950,45,25,120,94827,2,5.1,1,262,1,0,1,1,0
2951,24,1,34,95155,4,1.1,2,0,0,0,0,1,1
2952,45,24,67,91243,2,2.9,2,0,0,0,0,1,0
2953,64,39,97,94831,2,1.3,1,0,0,0,0,0,0
2954,42,22,28,93545,3,0.7,1,275,0,0,0,1,0
2955,35,12,15,94875,3,0.8,3,447,0,0,0,1,0
2956,66,46,182,91485,3,4.4,3,0,1,0,0,0,0
2957,27,3,78,91587,2,2.9,2,0,0,1,0,0,0
2958,44,22,26,95953,1,0.8,3,0,0,0,0,1,1
2959,45,20,77,92531,4,3.9,2,0,0,0,0,1,0
2960,44,21,36,95730,2,0.6,1,0,0,1,0,1,0
2961,63,41,43,91378,4,1.0,1,150,0,1,0,0,1
2962,41,21,132,92020,2,6.3,3,389,0,0,0,0,1
2963,65,42,54,92569,3,2.1,1,104,0,0,0,1,0
2964,25,3,54,90960,3,1.8,1,310,0,0,0,1,0
2965,55,35,35,92605,4,0.9,3,0,0,0,0,1,0
2966,49,26,61,90914,1,1.7,3,0,0,0,0,0,1
2967,33,12,81,90898,3,4.1,3,0,0,0,0,0,0
2968,33,12,54,91093,1,2.1,3,0,1,0,0,1,0
2969,54,34,207,92214,4,10.4,2,0,1,0,0,1,0
2970,51,29,40,93915,3,2.1,1,0,0,0,0,0,1
2971,49,28,40,92348,4,1.3,3,409,0,1,1,0,1
2972,25,5,60,91111,2,2.2,1,0,0,0,0,1,1
2973,49,27,194,95913,1,7.5,1,516,1,0,0,0,0
2974,66,45,108,91140,3,5.0,3,0,1,0,0,1,1
2975,23,3,53,93946,1,2.0,1,0,0,0,0,1,0
2976,43,21,53,92496,2,0.8,1,0,0,0,0,1,0
2977,44,24,39,90345,2,2.0,1,0,0,0,1,0,0
2978,62,37,59,94921,1,2.3,3,0,0,0,0,1,0
2979,35,13,66,90650,1,3.1,3,538,0,1,0,1,0
2980,43,18,105,90828,3,3.0,1,0,0,0,0,1,0
2981,54,29,93,90291,4,2.8,1,0,0,1,0,1,1
2982,25,0,58,90972,2,2.3,3,0,0,0,0,1,0
2983,58,35,156,91949,2,6.8,2,538,1,0,0,1,0
2984,59,37,49,90467,1,0.7,1,214,0,0,0,1,1
2985,54,30,31,91121,3,0.9,1,0,0,0,0,0,0
2986,51,31,83,90395,4,3.6,2,0,0,0,0,1,1
2987,55,30,127,91371,3,6.7,1,214,1,0,0,1,1
2988,57,36,72,91017,2,0.8,3,0,0,0,0,1,1
2989,62,42,34,91751,3,0.7,1,0,0,0,0,0,0
2990,41,20,80,94933,4,2.4,3,451,0,0,0,1,1
2991,43,22,85,90733,4,1.7,2,0,0,0,0,0,0
2992,51,31,90,96108,1,1.0,2,0,0,0,0,0,0
2993,31,7,81,93170,2,2.7,3,0,0,0,0,1,1
2994,60,40,136,91270,4,5.2,1,0,1,0,0,0,1
2995,56,31,39,91002,3,1.1,1,59,0,0,0,0,1
2996,50,28,13,91128,4,0.3,2,0,0,0,0,0,1
2997,36,12,24,94749,4,1.3,3,0,0,0,1,0,0
2998,38,16,34,91025,1,1.0,3,0,0,0,0,1,0
2999,42,22,115,93422,3,5.1,1,0,0,0,0,0,0
3000,52,31,61,90271,3,1.4,3,0,0,0,0,0,0
3001,57,34,162,92745,2,7.4,1,462,1,0,0,0,0
3002,52,28,37,95212,3,1.7,1,472,0,0,0,0,0
3003,63,42,161,94971,1,3.5,1,263,1,0,0,1,0
3004,65,43,44,93162,2,1.7,3,0,1,0,0,0,1
3005,54,29,66,91607,2,2.6,2,0,0,0,0,1,1
3006,39,14,26,92047,2,0.8,2,0,0,0,0,0,0
3007,49,27,149,92032,3,6.5,3,524,1,0,0,0,0
3008,41,20,71,91298,4,1.7,1,0,1,0,0,0,0
3009,50,29,212,94109,4,6.6,1,200,1,0,0,0,0
3010,58,35,130,91082,3,6.9,1,451,1,0,0,0,0
3011,39,16,65,95984,2,1.2,1,0,0,0,0,1,1
3012,45,24,48,90682,4,0.8,2,199,0,0,0,0,0
3013,25,5,118,93870,4,1.9,1,146,0,1,0,1,0
3014,55,33,75,94130,4,4.0,3,0,0,0,0,1,1
3015,44,20,46,94068,4,0.8,3,554,0,0,0,1,0
3016,43,23,78,94089,4,1.4,3,0,0,0,1,1,0
3017,46,24,22,92788,4,0.9,1,0,0,0,0,0,1
3018,32,12,91,90790,3,3.9,2,0,1,1,0,1,0
3019,49,28,101,93837,3,3.3,1,452,0,0,0,1,0
3020,55,32,36,91310,3,1.9,1,0,0,0,0,0,0
3021,38,17,138,91261,2,1.6,2,0,0,0,0,1,0
3022,28,7,122,95073,4,4.5,2,0,0,1,0,1,0
3023,40,15,87,90863,3,3.2,2,154,0,0,0,1,1
3024,31,10,42,93314,3,1.0,3,496,0,0,0,1,0
3025,39,18,104,92261,3,5.1,1,325,0,1,0,0,1
3026,50,25,59,91102,1,2.0,3,0,0,0,0,0,0
3027,27,4,82,95915,4,1.7,1,0,0,0,0,0,1
3028,55,35,109,94040,3,1.5,3,0,0,0,0,1,0
3029,32,10,31,92987,4,0.5,2,524,0,0,0,1,0
3030,62,39,26,95220,1,1.3,1,0,0,0,0,0,0
3031,55,34,56,92128,1,1.2,1,230,0,0,0,0,0
3032,34,11,193,92038,4,9.5,1,302,1,0,1,1,0
3033,47,24,217,90210,3,3.3,3,0,1,0,0,1,0
3034,27,6,90,94722,3,4.7,1,237,0,1,0,1,0
3035,27,3,124,95995,2,5.7,3,0,1,0,0,1,0
3036,65,43,72,95211,3,1.1,1,0,1,0,0,1,1
3037,58,33,78,90116,3,1.1,3,384,0,0,0,0,1
3038,29,9,65,92155,1,2.9,1,243,0,0,0,1,0
3039,35,14,132,95944,3,1.8,2,228,1,0,0,0,1
3040,31,7,163,95730,3,3.5,3,0,1,0,0,1,1
3041,40,15,77,91305,2,3.4,1,525,0,0,0,1,0
3042,35,14,78,92497,2,3.8,1,0,0,0,0,0,0
3043,37,12,67,93426,4,2.9,2,354,0,0,0,1,1
3044,46,25,166,90661,3,8.1,2,0,1,0,0,0,0
3045,31,9,116,92421,2,4.0,3,593,1,0,0,1,0
3046,61,40,41,94695,3,1.8,1,0,0,1,0,0,1
3047,55,33,190,94656,1,4.7,3,0,1,0,0,1,0
3048,56,31,17,91077,2,0.7,3,330,0,0,0,1,0
3049,30,6,157,93236,3,6.2,3,592,1,0,0,1,1
3050,54,30,127,91278,2,4.4,1,0,0,1,0,1,1
3051,59,38,77,94613,1,4.1,1,0,0,0,0,1,0
3052,30,5,76,94064,3,2.3,3,0,0,1,0,1,0
3053,56,34,69,94281,4,2.5,3,0,0,0,0,0,0
3054,38,15,43,93142,2,1.4,2,0,0,0,0,1,1
3055,57,33,181,92299,4,3.9,3,257,1,0,0,1,1
3056,44,21,75,90492,4,1.8,1,0,0,0,0,1,1
3057,58,35,42,94660,3,2.2,3,0,0,0,0,0,1
3058,29,7,175,94962,4,4.7,2,0,1,0,0,1,0
3059,40,17,95,92634,2,3.7,3,0,0,0,0,0,1
3060,35,10,99,90126,4,3.4,3,0,0,0,0,1,1
3061,33,11,197,93435,1,9.6,2,0,1,0,0,1,0
3062,36,13,106,91184,2,4.5,1,376,0,0,0,1,1
3063,39,18,52,95747,3,0.7,3,193,0,1,0,0,1
3064,28,6,106,93880,1,2.7,3,0,0,0,0,1,0
3065,54,30,45,96114,4,1.8,1,0,0,0,0,1,1
3066,47,24,58,94770,4,1.0,3,0,0,0,1,0,0
3067,59,38,88,95458,1,2.8,1,0,0,0,0,1,1
3068,54,31,123,92824,4,2.9,1,0,0,0,0,0,1
3069,29,5,54,95855,1,0.7,3,0,0,0,1,1,0
3070,26,6,68,92803,1,3.6,2,0,0,0,0,0,0
3071,41,21,68,92435,4,3.4,3,251,1,0,0,0,1
3072,44,22,135,95827,3,5.7,3,0,0,1,0,1,0
3073,33,10,76,92212,4,1.4,2,0,0,0,0,0,0
3074,57,36,188,91876,2,9.9,1,0,1,0,1,0,0
3075,48,24,58,93223,3,2.2,3,0,0,0,0,0,1
3076,55,30,55,93399,1,2.9,2,0,0,0,0,1,1
3077,27,4,155,93360,3,1.8,2,0,0,0,0,0,0
3078,58,36,101,93997,4,1.8,2,0,1,0,0,1,1
3079,32,12,249,92845,3,9.8,1,0,1,0,0,0,0
3080,42,18,152,95751,4,7.5,1,0,1,0,0,1,0
3081,42,17,36,95550,2,0.6,2,0,0,0,0,0,1
3082,59,37,75,94739,4,1.8,3,0,0,0,0,0,1
3083,35,12,88,92217,3,3.1,2,0,0,0,0,0,1
3084,33,9,85,90733,1,4.5,1,0,1,0,0,0,0
3085,37,13,69,90019,2,3.1,1,0,0,1,0,0,1
3086,38,18,84,94745,2,4.2,3,0,0,1,0,0,0
3087,30,6,86,90981,1,3.4,1,0,0,0,0,1,0
3088,30,5,54,93854,4,2.6,2,0,0,0,0,1,1
3089,33,9,132,92739,1,4.2,3,0,1,0,0,0,0
3090,43,21,177,94801,3,2.7,1,0,1,0,0,1,0
3091,38,15,111,95297,4,4.5,2,0,0,1,0,0,0
3092,40,19,94,90607,2,3.4,3,0,0,0,1,1,1
3093,54,31,72,92994,3,2.2,1,57,0,0,0,1,0
3094,33,12,88,95707,3,1.9,1,0,0,0,0,1,0
3095,63,41,93,92367,4,4.1,1,0,0,0,0,0,0
3096,56,35,43,94920,1,2.0,3,0,0,1,0,1,0
3097,30,8,128,94597,2,3.3,3,106,1,1,0,1,0
3098,36,14,60,95255,3,3.0,2,0,0,0,0,1,0
3099,31,11,160,90453,1,4.2,3,0,1,0,0,1,1
3100,35,11,11,95461,4,0.2,3,220,0,0,0,1,0
3101,39,17,82,90090,3,1.4,1,0,0,0,0,1,0
3102,28,3,130,90594,1,4.1,1,0,1,0,1,0,0
3103,23,2,110,91118,1,1.5,2,0,0,0,0,0,1
3104,42,18,36,94948,1,1.5,2,0,0,0,0,0,1
3105,53,32,152,90914,3,6.8,2,0,1,0,0,0,1
3106,36,13,49,94340,3,1.7,2,374,0,0,0,1,0
3107,60,38,58,91808,2,2.8,1,0,0,0,0,0,0
3108,39,17,61,94219,3,3.1,1,0,0,0,0,0,0
3109,62,39,29,94318,2,0.9,2,0,0,0,0,0,0
3110,33,9,85,92371,2,1.2,3,458,0,0,0,0,0
3111,46,25,134,95972,1,2.7,3,0,0,0,0,0,0
3112,56,31,157,91635,1,6.0,1,268,1,0,0,0,0
3113,25,4,69,90502,3,1.9,3,0,0,0,0,0,0
3114,63,42,75,93775,3,3.0,1,398,0,0,0,1,0
3115,39,18,114,90339,1,4.4,1,540,1,0,0,1,0
3116,44,19,70,91771,1,2.5,3,524,0,0,0,0,0
3117,50,30,141,93180,2,2.4,3,0,1,0,0,0,1
3118,51,29,73,95686,3,1.6,3,0,0,0,0,0,0
3119,24,2,45,94379,3,1.2,1,0,0,0,0,1,1
3120,61,37,86,93771,3,3.9,1,0,0,1,0,1,0
3121,50,28,32,93292,1,1.3,3,0,0,0,0,0,1
3122,66,41,85,92225,2,3.2,3,0,1,0,0,1,0
3123,43,19,94,95134,4,3.7,2,221,0,0,0,1,0
3124,49,25,49,90131,3,1.6,1,0,0,0,0,1,1
3125,42,18,92,90987,4,1.1,2,0,0,1,0,1,1
3126,62,42,65,90993,3,1.2,1,0,0,0,0,1,0
3127,59,37,48,93858,4,0.8,1,0,0,1,0,1,1
3128,62,39,30,91803,3,0.4,2,0,0,0,0,1,1
3129,45,24,34,90408,3,0.8,1,390,0,0,0,0,0
3130,57,37,168,91004,3,7.4,3,0,1,0,0,1,0
3131,38,18,64,94091,2,1.0,2,0,0,0,0,0,0
3132,43,19,93,93381,2,1.4,2,0,0,0,0,1,1
3133,56,33,68,93330,1,1.0,1,348,0,1,0,0,0
3134,26,5,171,94471,2,3.7,3,93,1,0,0,1,0
3135,54,30,48,93218,1,0.9,2,0,0,0,0,1,0
3136,23,0,79,95480,2,0.8,3,0,1,0,1,1,0
3137,48,24,57,93530,4,1.3,1,427,0,0,1,1,0
3138,43,18,129,93998,2,6.9,2,0,1,0,0,0,1
3139,43,18,92,91970,3,2.3,3,0,0,0,0,1,1
3140,44,23,77,93585,2,1.5,1,0,0,0,0,1,0
3141,44,20,37,91129,4,1.2,1,0,1,0,0,1,1
3142,40,18,212,91486,1,4.2,3,0,1,0,0,1,0
3143,42,20,70,95948,4,2.4,2,0,0,0,0,0,0
3144,47,24,44,95417,3,1.2,1,0,0,0,0,0,0
3145,56,33,30,92519,4,1.5,3,0,0,0,0,1,0
3146,47,25,33,91958,1,1.7,1,0,0,0,0,1,1
3147,51,26,77,93828,4,3.1,2,0,0,0,0,1,0
3148,59,38,130,94359,4,2.5,3,454,0,0,0,0,0
3149,66,46,89,90203,2,2.7,3,0,0,0,0,1,0
3150,27,7,31,94634,3,0.7,2,0,0,0,0,0,0
3151,54,30,77,90228,3,3.4,1,188,0,0,0,0,0
3152,32,10,151,90277,1,1.7,3,179,0,0,0,1,0
3153,31,9,63,92933,3,2.4,3,0,0,0,0,1,1
3154,57,34,89,94034,3,2.1,1,0,0,0,0,0,1
3155,26,4,64,92131,1,2.0,1,0,0,0,0,1,1
3156,60,37,100,95773,2,2.4,2,141,0,0,0,1,1
3157,56,36,48,92557,3,1.2,1,0,0,0,0,1,1
3158,66,46,12,94300,4,0.5,3,0,1,0,1,1,0
3159,52,27,38,93174,1,1.4,3,0,0,0,0,0,0
3160,61,39,58,92955,4,1.2,1,0,0,0,1,0,1
3161,28,7,73,91810,4,0.9,3,0,0,0,0,0,0
3162,62,40,60,92495,4,2.8,3,356,0,1,0,1,0
3163,30,8,59,92306,1,1.8,3,0,0,0,1,1,1
3164,36,15,131,90929,3,4.8,3,158,1,0,0,0,1
3165,28,7,41,94637,2,1.3,1,116,0,0,0,1,0
3166,40,16,77,91394,4,2.8,3,168,0,0,0,1,1
3167,55,35,32,90015,3,1.2,1,0,0,0,0,1,1
3168,34,13,111,95511,3,1.2,2,75,0,0,0,0,0
3169,59,37,88,94332,1,2.9,2,0,1,0,0,1,0
3170,49,26,210,92419,4,6.7,1,0,1,0,0,0,0
3171,50,25,40,94586,2,0.6,3,0,0,0,0,1,1
3172,64,39,175,91006,1,7.4,2,0,1,0,0,1,0
3173,42,21,44,92232,4,0.9,2,0,0,0,0,1,1
3174,38,15,62,92470,4,0.8,2,278,0,0,0,1,0
3175,66,46,35,92914,2,1.6,1,50,0,0,0,0,1
3176,47,24,208,92716,3,9.9,1,279,1,0,0,1,1
3177,50,30,95,92636,3,1.9,1,0,0,0,0,0,0
3178,36,16,96,92104,2,3.8,3,0,0,0,0,0,1
3179,32,8,46,92479,3,0.5,3,0,0,0,0,1,1
3180,30,9,18,90104,4,0.7,2,0,0,0,0,1,0
3181,32,10,61,90083,4,1.8,2,0,0,0,0,0,1
3182,31,11,55,92277,3,2.4,2,235,0,0,0,0,0
3183,55,31,25,94182,2,0.7,1,0,0,1,0,1,0
3184,25,1,63,95560,4,1.6,1,0,0,0,0,0,1
3185,50,27,77,95608,4,3.6,2,0,1,1,0,1,1
3186,64,39,99,91703,1,1.2,1,0,0,0,0,0,0
3187,56,34,20,93383,2,0.4,3,0,1,0,1,0,0
3188,40,19,36,92246,3,1.0,1,0,0,1,0,1,0
3189,25,5,47,90395,3,1.7,2,0,0,0,0,1,0
3190,59,38,134,94436,3,1.4,2,500,1,0,0,0,0
3191,23,2,132,90280,3,4.6,3,0,1,0,0,0,0
3192,52,31,92,90966,1,2.4,3,0,0,0,0,1,0
3193,52,31,63,95346,1,2.3,1,0,0,0,0,1,0
3194,31,8,138,95215,4,6.8,1,462,0,1,0,1,1
3195,55,35,86,93679,3,2.5,2,0,1,0,0,1,0
3196,30,7,134,93381,3,4.6,1,0,0,0,0,1,0
3197,32,10,95,94572,2,2.9,1,0,0,0,0,1,0
3198,58,34,26,93308,2,0.4,2,0,0,0,0,1,0
3199,66,43,18,94592,2,0.8,1,0,0,1,0,1,0
3200,34,9,59,90791,3,2.9,1,0,0,0,0,0,0
3201,63,41,118,96084,3,5.3,2,0,1,0,0,1,1
3202,63,42,54,90418,1,2.8,2,0,0,0,0,0,0
3203,56,33,153,94565,2,4.6,3,0,1,0,0,1,0
3204,29,6,113,95258,4,4.3,1,0,0,0,0,0,0
3205,36,14,145,90188,3,2.5,1,0,1,1,0,0,0
3206,52,29,60,91371,4,3.1,3,211,0,0,0,1,1
3207,66,44,42,91714,3,1.5,3,0,0,0,0,0,1
3208,58,37,39,92702,2,0.8,1,525,0,0,0,1,1
3209,41,20,99,91044,4,4.4,2,0,1,1,1,1,1
3210,33,8,28,93146,3,1.0,2,0,1,0,0,1,0
3211,65,41,29,95933,1,1.5,1,0,0,0,0,1,0
3212,35,15,52,90147,2,2.3,1,103,0,1,0,1,1
3213,38,13,84,95482,3,4.0,2,0,0,0,0,0,0
3214,65,41,47,94363,2,1.6,1,354,0,0,0,1,0
3215,47,27,132,92727,2,4.3,1,0,1,0,0,0,1
3216,34,10,147,93364,4,6.3,2,121,1,0,0,1,0
3217,23,0,15,90956,2,0.2,1,0,0,0,0,1,0
3218,41,16,96,95635,2,1.2,1,0,0,0,0,1,1
3219,66,44,54,90288,1,2.8,2,0,0,0,0,0,0
3220,42,19,121,90811,2,6.0,3,0,1,0,0,0,0
3221,53,32,97,94379,4,5.0,3,0,0,0,0,0,0
3222,34,13,82,91043,2,1.0,1,0,0,0,0,1,1
3223,57,34,70,90493,2,1.5,1,417,0,1,0,0,0
3224,57,33,29,91602,3,1.4,3,0,0,0,0,1,1
3225,49,24,226,93528,4,3.1,2,0,1,0,0,0,0
3226,56,32,36,91890,4,1.1,2,0,0,0,0,1,1
3227,48,25,176,95218,2,4.4,1,0,0,0,0,1,1
3228,39,16,108,95844,1,5.2,1,0,0,1,0,1,0
3229,55,33,56,92588,3,1.8,1,265,0,0,0,1,0
3230,59,35,51,93520,2,1.2,3,369,0,0,0,1,0
3231,60,39,28,93719,2,0.9,3,0,1,0,1,1,1
3232,32,11,76,91676,1,1.1,1,0,0,0,0,1,0
3233,52,27,28,92984,4,1.2,3,0,0,0,0,1,0
3234,23,0,137,91332,1,5.0,3,0,1,0,0,0,0
3235,48,26,87,95991,2,3.1,3,460,1,1,0,0,1
3236,48,23,73,93236,2,2.1,2,232,0,0,0,0,0
3237,38,13,79,92616,1,1.8,1,0,0,0,0,1,0
3238,66,45,89,91247,4,1.1,3,0,0,0,0,1,1
3239,61,38,62,90902,3,3.2,1,0,0,0,0,0,1
3240,24,2,66,90498,3,1.9,1,0,0,0,0,0,0
3241,32,8,186,91863,1,5.9,1,0,1,0,0,0,1
3242,32,7,129,93868,1,3.4,2,0,1,0,0,0,0
3243,62,39,105,95797,1,5.5,1,249,1,0,0,1,1
3244,45,21,56,94143,3,2.5,2,0,0,0,0,0,1
3245,55,32,22,91003,3,0.3,3,466,0,0,0,0,1
3246,58,33,99,90459,4,3.6,2,580,1,0,0,1,0
3247,56,34,79,93197,4,2.4,3,0,0,0,0,1,0
3248,26,4,66,93134,2,2.9,3,0,1,0,0,1,1
3249,29,7,72,90458,1,3.8,3,535,1,0,0,1,1
3250,40,15,37,93545,1,1.6,2,0,0,0,0,0,1
3251,37,14,43,90660,4,2.0,3,0,0,0,0,0,1
3252,55,35,129,93938,4,4.1,2,574,1,0,0,0,0
3253,29,9,19,96102,3,0.5,1,0,0,1,0,0,0
3254,39,16,119,90050,1,4.5,3,495,1,1,0,1,1
3255,33,9,156,91707,4,6.6,2,0,1,0,0,1,0
3256,31,9,97,94922,4,1.9,3,0,0,1,0,1,0
3257,30,7,95,94539,1,3.0,1,0,0,0,0,0,0
3258,31,7,43,93276,4,0.6,1,0,0,0,0,1,0
3259,47,24,47,95787,3,0.9,3,0,0,0,0,1,1
3260,41,16,59,92557,4,2.8,2,188,0,0,0,0,0
3261,42,19,33,94124,3,0.5,2,0,0,0,0,1,1
3262,44,20,45,92724,1,2.0,3,0,0,0,0,0,0
3263,55,31,79,96005,3,2.1,2,320,0,1,0,0,0
3264,60,37,57,92808,1,2.2,1,0,0,0,0,0,0
3265,46,26,82,90704,2,4.1,2,332,0,0,0,1,0
3266,51,29,129,95276,4,5.7,1,0,1,0,0,1,0
3267,55,35,82,92534,4,3.8,2,0,1,0,0,1,0
3268,53,30,95,94263,2,2.0,1,0,0,0,0,1,0
3269,28,8,27,92513,2,0.7,1,0,0,0,0,1,0
3270,66,43,128,91773,2,5.3,3,0,1,0,0,1,0
3271,30,8,27,91541,1,1.2,1,0,0,0,0,1,1
3272,41,21,54,90077,3,2.4,3,0,1,0,0,1,0
3273,51,31,38,90562,2,1.6,2,0,0,0,0,1,1
3274,40,17,22,92335,1,0.4,1,0,0,0,0,1,0
3275,33,13,80,94806,3,1.8,3,0,0,0,0,1,0
3276,63,38,100,91175,3,5.1,1,0,0,0,0,0,0
3277,26,2,159,94321,3,5.4,2,0,1,0,0,1,1
3278,33,9,86,93762,4,3.7,3,0,1,0,0,1,1
3279,66,45,45,94270,3,1.6,3,0,0,0,0,0,0
3280,55,31,56,93973,3,2.8,1,0,0,0,0,0,0
3281,26,3,24,95282,1,1.1,3,130,0,0,0,0,0
3282,56,34,59,92000,2,1.3,3,178,0,0,0,0,0
3283,65,45,73,94150,2,3.5,2,0,0,0,0,0,1
3284,27,4,98,95350,4,2.3,2,585,1,0,0,0,1
3285,41,17,112,94095,2,3.3,1,469,1,0,0,0,0
3286,43,23,96,96089,3,4.5,1,0,1,1,0,0,0
3287,28,8,42,95098,3,1.0,2,0,0,0,0,0,0
3288,31,9,35,92913,1,0.8,1,335,0,0,0,0,1
3289,30,7,108,94790,4,4.2,2,0,1,0,0,1,0
3290,31,9,22,92929,3,1.2,1,0,0,0,0,0,1
3291,40,18,201,95633,1,3.2,1,0,1,0,1,1,0
3292,43,22,47,90486,1,1.9,2,0,0,0,0,1,0
3293,33,13,138,96149,4,4.5,1,245,0,0,0,1,0
3294,35,15,52,95446,2,1.4,2,0,0,0,0,0,0
3295,31,11,101,91855,1,4.3,2,0,0,1,0,1,0
3296,58,34,36,90888,3,1.2,1,0,0,0,0,0,0
3297,32,8,75,93595,1,3.3,1,409,0,0,0,1,1
3298,62,40,25,93896,1,1.1,1,0,0,0,0,1,1
3299,46,26,89,92303,4,4.7,2,0,0,0,0,0,0
3300,58,36,36,94000,1,1.6,1,0,0,1,0,1,0
3301,51,26,39,93313,4,0.5,3,0,0,0,0,0,0
3302,34,13,58,92141,3,2.5,2,0,0,0,0,0,0
3303,49,27,64,92974,2,2.4,1,0,0,0,0,1,0
3304,35,12,98,90615,2,1.4,1,174,0,0,0,1,0
3305,28,7,92,93371,2,3.3,1,451,1,0,0,1,0
3306,34,12,80,94057,3,3.4,1,345,1,0,1,1,0
3307,35,13,119,95980,4,2.2,1,489,0,0,0,0,0
3308,28,6,91,92120,2,2.6,3,542,0,0,0,1,1
3309,24,0,95,90545,3,3.2,1,0,0,0,0,1,0
3310,64,41,39,90948,3,1.1,1,0,0,0,0,0,1
3311,45,25,124,95450,1,5.9,3,224,1,0,0,0,1
3312,40,20,116,95666,4,2.0,3,0,1,0,0,1,0
3313,63,41,82,94868,4,3.6,2,0,0,0,0,1,1
3314,32,7,114,93016,1,5.0,2,444,1,0,0,1,0
3315,40,20,72,96091,2,2.1,1,546,0,0,0,1,0
3316,60,40,163,94342,4,5.4,3,0,1,0,0,1,1
3317,50,26,78,91392,4,1.3,2,0,0,0,0,0,1
3318,40,18,71,91863,1,1.3,2,0,0,0,0,0,0
3319,34,13,91,95860,4,3.0,1,544,0,0,0,1,0
3320,24,3,182,90918,2,3.6,2,0,1,0,0,1,0
3321,26,3,53,94457,2,2.4,3,0,0,0,0,1,1
3322,30,7,88,90213,2,3.2,1,526,0,0,0,0,0
3323,57,34,55,94331,3,0.7,2,0,0,0,0,0,0
3324,51,30,71,92136,1,1.8,1,0,0,0,0,0,0
3325,42,19,45,90100,3,2.1,3,54,0,0,0,1,1
3326,57,32,93,90311,1,2.0,1,0,0,0,0,1,0
3327,30,9,74,91155,1,3.0,3,410,0,0,0,0,0
3328,32,10,112,96138,4,1.6,2,0,0,0,0,1,0
3329,40,20,129,96038,2,6.5,2,0,1,0,0,1,0
3330,63,40,140,91446,4,4.1,1,452,1,0,0,1,1
3331,50,30,57,91860,3,1.8,2,0,0,0,0,0,0
3332,60,39,91,90780,4,3.2,1,67,0,0,0,1,0
3333,33,9,145,93100,1,3.7,1,467,1,0,0,0,1
3334,60,40,44,95091,4,1.8,1,441,0,0,0,1,0
3335,26,1,79,93305,4,0.8,1,0,0,0,0,0,0
3336,33,11,46,94954,2,0.8,3,0,0,0,0,0,0
3337,46,24,180,96024,1,3.3,1,490,1,0,0,0,1
3338,25,2,144,96179,1,5.4,3,0,1,0,0,1,0
3339,60,37,100,92057,3,4.9,3,0,1,0,1,1,0
3340,61,39,99,91512,1,1.3,2,0,0,0,0,0,1
3341,46,21,49,93030,1,2.3,1,514,0,0,0,1,0
3342,36,11,154,90298,3,7.0,2,0,1,0,0,1,1
3343,27,6,63,92792,3,0.8,3,0,0,0,0,0,0
3344,50,26,52,94484,4,0.8,1,0,0,0,0,0,0
3345,46,25,133,91199,4,3.3,1,0,1,1,0,0,0
3346,56,31,59,95009,2,0.9,1,0,0,1,0,1,0
3347,49,28,53,95296,2,2.3,2,0,0,0,0,1,0
3348,28,7,116,92170,1,3.7,1,0,1,0,0,1,1
3349,28,4,37,91909,1,1.0,1,0,0,0,0,0,0
3350,57,33,101,95802,2,4.2,2,0,0,1,0,0,0
3351,29,9,79,95065,4,1.8,2,0,0,0,0,1,0
3352,64,41,111,94785,4,5.3,1,380,1,0,0,1,0
3353,27,5,95,92090,4,3.6,3,0,0,0,0,0,0
3354,55,32,243,92541,2,6.1,1,0,1,0,0,1,0
3355,65,42,83,94306,3,2.8,1,0,0,0,0,1,0
3356,42,17,59,94462,3,1.3,1,0,0,0,0,0,0
3357,25,0,74,91512,1,3.9,1,0,0,0,0,1,0
3358,61,38,94,90005,2,2.7,2,0,1,0,0,0,0
3359,31,7,175,90348,3,8.6,1,0,1,0,0,0,0
3360,46,21,104,92105,2,5.4,3,0,1,0,0,0,0
3361,66,45,47,92891,2,1.6,3,0,0,0,0,1,0
3362,55,31,428,91053,2,17.8,1,0,1,0,0,0,1
3363,25,1,127,90191,1,4.4,3,0,0,0,0,0,0
3364,59,39,46,91892,4,0.6,2,0,0,1,0,0,0
3365,30,5,39,95405,4,2.0,3,360,0,0,0,1,0
3366,55,31,35,91295,4,1.0,1,0,0,0,0,0,1
3367,50,28,72,94108,4,3.5,2,0,0,0,0,0,0
3368,35,13,74,94433,2,2.8,1,0,0,0,0,1,0
3369,41,19,51,93852,1,0.7,1,0,0,0,0,0,0
3370,28,3,32,95140,2,0.9,3,178,0,0,1,1,0
3371,66,41,40,91781,4,0.7,1,355,0,0,0,1,0
3372,33,9,105,91117,1,1.8,2,176,0,0,0,1,1
3373,36,13,63,91015,3,2.6,1,0,0,0,0,1,0
3374,45,25,42,92587,1,0.5,3,0,0,0,0,1,0
3375,52,27,79,93245,2,4.1,1,0,0,0,0,1,1
3376,45,25,87,93711,1,2.6,1,407,0,1,0,1,0
3377,45,24,93,95477,1,2.9,2,367,0,0,0,1,0
3378,48,28,77,90895,1,1.8,1,332,0,0,0,1,0
3379,60,35,71,93782,3,1.0,1,0,0,0,0,0,0
3380,40,18,139,92236,3,4.9,2,87,0,0,0,1,0
3381,59,38,40,94280,2,1.0,3,0,0,0,0,0,0
3382,57,37,66,91211,4,2.4,3,0,0,0,0,0,0
3383,65,43,24,90105,2,0.8,1,0,0,0,0,0,0
3384,63,39,61,93484,3,1.2,1,0,0,0,0,0,0
3385,58,33,82,91886,3,2.5,3,0,0,0,0,0,0
3386,33,10,115,95592,3,2.7,1,182,0,0,0,1,0
3387,57,34,24,94528,4,0.5,3,0,0,1,0,1,1
3388,55,30,81,92869,4,3.5,2,0,1,0,1,1,0
3389,35,10,189,92367,3,2.0,3,152,1,0,0,0,1
3390,52,31,97,94160,4,2.1,1,0,0,0,0,0,1
3391,34,9,36,92852,3,1.2,3,519,0,1,0,0,0
3392,46,23,61,94466,2,1.9,1,355,0,0,0,0,1
3393,58,33,98,94534,4,5.0,3,0,1,0,0,1,1
3394,31,11,52,96142,1,2.4,1,0,0,0,0,1,1
3395,37,17,86,91932,2,3.7,2,163,1,0,0,1,0
3396,57,32,83,93893,1,2.7,1,0,0,0,0,1,0
3397,42,18,72,93063,4,2.1,1,580,0,0,0,0,0
3398,65,44,34,91147,4,0.4,2,0,0,0,0,0,0
3399,23,0,49,91430,4,2.2,1,376,0,1,0,1,0
3400,54,34,200,90064,1,5.7,3,422,1,0,0,1,0
3401,58,34,59,91857,2,1.4,3,0,0,0,0,0,0
3402,63,42,63,90861,2,2.3,3,0,0,1,0,0,0
3403,29,9,63,91143,1,2.7,2,0,0,0,0,0,0
3404,66,42,114,90772,3,3.7,1,542,1,0,1,1,0
3405,40,15,65,90012,1,1.1,1,548,0,0,0,1,0
3406,38,18,73,93242,3,3.6,1,0,0,0,0,1,0
3407,38,18,81,95771,3,1.2,2,529,0,0,0,1,0
3408,51,28,121,92723,3,6.3,3,0,0,1,0,1,1
3409,52,32,73,93135,4,2.1,1,221,0,0,0,1,0
3410,43,19,77,93810,4,3.9,1,95,0,0,1,0,0
3411,26,1,54,93602,2,2.7,1,219,0,0,0,1,0
3412,66,42,87,90481,3,2.4,2,292,0,0,0,1,1
3413,32,11,101,92760,4,4.5,1,0,1,1,0,1,0
3414,27,6,105,95086,4,1.5,1,0,0,0,0,1,0
3415,49,25,183,91340,3,2.5,1,0,1,0,0,0,0
3416,41,21,47,90675,1,1.2,1,194,0,0,0,0,0
3417,50,27,75,93989,2,2.7,3,0,0,0,1,1,1
3418,61,39,65,94237,4,0.7,3,0,0,0,0,1,0
3419,27,3,165,94490,1,5.3,1,536,1,0,0,1,1
3420,35,14,107,94295,3,5.6,1,556,1,0,0,0,0
3421,45,21,29,91840,3,1.4,1,496,0,0,0,0,0
3422,57,33,51,93521,1,1.0,3,130,0,0,0,1,0
3423,49,28,61,95274,2,2.0,2,0,0,0,0,0,0
3424,39,17,31,91084,4,0.5,2,457,0,0,0,1,0
3425,49,29,78,94292,3,1.7,2,0,0,0,1,0,0
3426,66,44,55,93800,4,2.7,3,0,0,0,0,0,0
3427,44,23,187,91694,2,10.0,1,0,1,0,0,1,0
3428,61,41,87,95733,4,1.8,1,416,0,0,1,0,0
3429,57,34,59,91024,3,1.1,1,0,0,0,0,1,0
3430,36,13,42,94992,4,1.1,2,0,0,0,0,0,0
3431,33,13,71,93522,2,2.1,1,0,0,1,0,1,1
3432,56,35,157,90805,2,2.2,3,256,1,0,1,0,1
3433,32,12,65,92731,1,1.1,2,374,1,0,0,1,1
3434,37,13,71,92052,1,2.0,3,0,0,0,0,1,0
3435,33,11,130,92585,1,2.6,3,104,1,0,0,0,0
3436,49,29,85,94897,1,4.0,2,202,0,0,0,0,0
3437,35,14,113,93982,2,4.8,3,0,1,0,0,1,0
3438,51,26,90,91220,4,3.0,3,0,0,0,0,0,1
3439,64,43,87,94607,2,2.5,1,0,0,0,0,0,0
3440,59,35,28,94432,4,1.3,2,332,0,0,1,0,1
3441,64,42,39,90580,4,0.7,3,522,1,0,0,1,1
3442,24,3,80,95693,4,3.9,3,54,0,0,0,0,1
3443,43,22,44,90040,3,0.5,3,0,0,0,0,1,0
3444,32,12,71,91762,4,3.6,1,0,0,0,0,1,0
3445,63,39,37,91798,2,0.6,3,0,0,0,0,0,1
3446,54,32,130,90583,3,5.9,1,0,1,0,0,1,0
3447,37,15,47,94110,4,0.5,2,0,0,1,0,1,0
3448,47,27,42,92853,1,1.9,2,115,0,0,0,0,0
3449,49,25,32,95058,1,1.1,2,0,0,0,0,1,1
3450,44,23,104,91942,1,1.1,1,0,0,0,0,1,1
3451,43,20,71,95299,3,3.1,2,0,0,0,0,1,0
3452,25,0,128,93155,2,1.8,1,0,0,0,0,0,0
3453,42,18,54,90034,2,1.8,1,0,0,0,0,1,0
3454,38,15,38,91877,4,0.9,1,0,0,0,0,1,0
3455,59,34,69,92244,1,3.0,2,426,0,0,0,0,0
3456,61,40,141,93123,1,6.6,1,0,0,0,0,0,0
3457,56,31,28,94366,2,0.8,1,0,0,0,0,0,0
3458,24,1,84,90978,4,3.6,3,0,1,0,0,1,0
3459,60,38,89,95002,3,4.4,2,0,0,0,0,0,0
3460,40,19,154,91070,3,6.1,3,0,1,1,1,1,1
3461,41,17,45,96168,3,1.1,2,0,0,0,0,0,0
3462,64,39,27,92385,2,0.8,1,0,0,0,0,1,1
3463,61,37,57,95812,2,1.1,3,0,0,0,0,0,0
3464,25,5,112,90555,4,3.3,1,0,0,0,0,0,0
3465,38,16,74,91259,3,1.5,3,0,0,0,0,1,0
3466,55,31,94,96100,3,4.2,1,0,0,1,0,1,0
3467,46,24,40,91038,1,1.5,3,0,0,1,0,1,0
3468,34,10,63,92000,3,2.4,2,0,0,0,0,1,1
3469,46,22,75,93478,2,1.1,3,0,0,0,0,1,1
3470,61,41,30,91239,2,0.3,1,147,0,0,0,1,0
3471,32,9,75,92157,3,3.3,2,0,0,0,0,1,1
3472,55,34,60,94360,2,2.0,1,0,0,0,0,1,0
3473,55,33,270,92970,3,13.6,3,0,1,0,0,1,0
3474,61,39,72,92610,1,2.4,1,577,0,0,0,0,1
3475,36,12,159,94157,1,3.1,2,416,1,0,0,1,0
3476,32,7,94,95938,3,3.8,2,327,0,0,0,1,1
3477,47,25,67,95221,4,2.7,2,229,0,0,0,1,0
3478,46,23,146,90328,4,1.9,3,351,1,0,0,1,0
3479,41,18,36,93899,2,1.4,2,0,0,0,0,1,0
3480,57,34,56,92970,4,1.1,1,0,0,0,1,1,1
3481,58,35,115,92668,2,2.4,3,0,1,0,0,1,1
3482,33,9,19,91454,4,0.2,2,0,0,0,0,1,1
3483,58,33,71,91657,2,2.6,2,0,0,0,0,1,0
3484,33,9,70,94359,1,2.9,1,0,0,0,0,0,0
3485,40,20,83,96039,1,1.7,2,544,0,0,0,0,0
3486,24,2,64,93382,4,2.8,3,0,0,0,0,0,0
3487,37,15,113,91291,3,4.9,3,0,1,0,0,1,0
3488,65,42,46,91476,1,1.3,3,0,0,0,0,1,0
3489,42,19,121,91175,4,1.6,3,0,1,0,0,0,1
3490,54,30,39,93255,1,0.9,1,0,0,0,0,1,0
3491,27,5,86,94392,2,1.5,2,0,0,1,0,1,1
3492,50,29,137,94827,3,7.1,1,490,1,0,1,0,1
3493,39,17,44,93998,1,2.0,2,476,0,0,0,1,0
3494,55,30,50,96043,4,0.7,1,0,0,0,0,1,0
3495,63,42,124,95539,3,4.0,3,143,1,0,0,0,1
3496,46,26,80,91405,4,1.7,1,179,0,0,0,0,1
3497,27,2,27,95657,4,0.3,1,51,0,0,0,0,1
3498,43,22,81,90336,4,1.9,3,0,0,1,0,0,0
3499,28,5,103,94615,1,1.6,1,0,0,0,0,1,1
3500,42,18,126,93507,1,2.5,1,0,0,1,0,1,0
3501,25,4,85,90174,1,2.1,2,0,0,0,0,1,0
3502,51,29,95,91911,1,2.6,3,0,0,0,0,1,0
3503,36,15,167,95379,3,5.1,1,0,1,1,0,0,0
3504,31,11,117,94618,1,3.8,1,0,1,0,0,1,0
3505,23,3,62,93513,2,1.6,1,0,0,0,0,1,0
3506,62,41,67,94762,3,2.1,2,201,0,0,0,0,0
3507,59,37,134,91209,3,3.8,1,0,0,0,0,1,0
3508,58,35,84,91173,2,4.4,2,0,1,0,1,1,0
3509,25,5,78,93830,1,1.0,2,0,0,1,0,0,0
3510,38,13,61,92772,1,2.2,3,263,0,0,0,1,0
3511,65,41,131,91409,4,2.4,2,141,0,0,0,0,0
3512,48,28,46,90146,2,1.2,2,0,0,0,1,1,0
3513,28,3,56,92726,3,1.9,2,155,1,0,1,1,0
3514,29,9,131,94498,3,5.6,1,0,0,0,0,1,0
3515,34,11,130,92359,2,6.8,1,0,0,0,0,1,0
3516,65,43,222,93391,3,7.0,2,0,1,1,0,1,0
3517,30,7,71,91202,2,1.5,1,0,0,0,0,0,0
3518,62,37,62,96070,2,2.7,1,0,0,0,0,1,1
3519,52,27,65,95015,4,1.3,1,113,0,0,0,1,0
3520,63,42,29,92096,2,0.9,1,0,0,0,0,1,1
3521,59,36,21,93022,3,1.0,1,155,0,0,0,0,1
3522,37,12,85,94072,3,2.3,2,0,0,0,0,1,1
3523,59,35,59,90902,1,2.0,3,0,0,0,0,1,0
3524,30,5,48,93550,3,0.7,1,131,0,1,0,0,0
3525,35,13,77,91473,4,1.0,3,0,0,0,0,0,0
3526,32,11,86,93440,2,4.5,1,0,0,0,0,1,0
3527,28,5,68,93087,4,1.2,3,0,0,0,0,1,0
3528,26,2,69,92630,1,1.7,2,0,0,0,0,1,1
3529,31,6,59,93947,1,1.9,2,0,0,0,0,1,0
3530,28,4,107,92312,4,2.8,2,0,0,0,0,0,0
3531,39,15,54,94775,4,0.8,2,0,0,0,0,1,1
3532,26,3,42,91426,4,0.8,1,62,0,0,0,1,0
3533,25,4,57,90284,3,1.8,1,0,0,0,0,1,0
3534,66,44,83,94285,1,2.4,3,0,0,0,0,1,0
3535,26,4,110,93711,2,4.9,3,0,0,0,0,1,0
3536,26,2,185,94363,3,4.3,2,0,1,0,0,1,0
3537,24,1,77,92411,1,3.9,3,189,0,0,0,0,1
3538,28,4,160,94134,3,3.6,1,0,1,0,0,1,0
3539,46,26,52,90291,1,1.3,2,0,0,0,0,0,0
3540,59,35,47,96062,1,2.4,2,0,0,0,0,1,0
3541,55,32,93,95480,1,4.3,1,0,0,1,0,0,1
3542,48,23,101,92019,1,2.4,3,0,0,0,0,1,1
3543,26,4,82,91882,1,2.2,3,0,0,0,0,1,0
3544,57,35,273,90998,4,12.7,3,0,1,0,0,1,1
3545,24,4,53,95999,4,0.7,2,0,0,0,0,0,0
3546,50,26,143,90366,3,3.3,1,0,0,0,0,1,0
3547,41,17,47,95109,2,1.6,3,0,0,0,0,0,0
3548,61,36,105,90824,1,4.8,1,328,0,0,0,1,0
3549,36,16,75,96005,4,2.6,3,0,0,0,0,0,0
3550,51,30,85,91643,4,2.7,1,0,0,0,0,0,0
3551,42,17,94,92722,4,4.9,3,0,0,0,0,1,0
3552,45,25,77,90371,2,1.2,3,0,0,0,0,0,0
3553,64,41,69,91824,1,3.0,1,0,0,0,0,1,1
3554,54,32,25,95851,3,0.4,1,0,0,0,0,1,1
3555,41,16,120,93661,2,5.0,2,123,1,0,0,1,1
3556,42,17,35,92016,2,1.2,1,0,0,0,0,1,1
3557,54,29,60,95521,2,1.3,3,0,0,0,0,0,0
3558,38,17,88,95770,1,3.0,1,0,0,0,0,1,1
3559,30,7,39,92545,4,1.9,1,0,0,0,0,1,0
3560,43,19,69,92331,1,2.1,1,0,0,0,0,1,1
3561,26,1,112,95177,4,1.2,1,0,0,0,1,0,0
3562,30,10,59,93348,4,0.7,1,0,0,0,0,0,1
3563,41,16,70,91767,1,2.6,3,0,0,0,0,0,0
3564,58,36,43,93687,3,1.7,3,570,0,0,0,0,0
3565,57,37,63,92252,1,1.7,3,131,0,0,0,0,0
3566,34,11,36,92471,4,0.7,1,0,0,0,0,0,1
3567,41,17,82,94108,3,3.4,1,204,1,0,0,1,0
3568,29,9,31,92216,1,0.7,1,127,0,0,0,1,0
3569,56,36,52,93264,4,0.7,2,145,0,0,0,0,0
3570,33,8,76,94111,4,2.1,1,580,0,0,0,1,0
3571,58,33,66,95635,4,2.2,1,149,1,0,0,1,0
3572,60,40,91,95586,2,4.7,2,0,1,0,0,0,0
3573,53,28,70,95495,4,2.5,1,0,0,1,0,1,1
3574,37,12,25,94636,3,0.5,2,0,0,0,0,0,1
3575,64,39,39,92835,3,1.8,2,0,0,0,0,0,0
3576,53,32,74,92732,2,1.7,3,62,1,0,0,1,1
3577,51,28,128,90418,2,6.6,1,280,1,0,0,0,1
3578,60,35,116,94869,3,2.8,3,0,1,0,0,1,1
3579,61,36,269,95787,3,13.3,1,0,1,0,0,0,0
3580,26,3,55,93923,1,2.6,1,0,0,0,0,1,0
3581,61,40,110,95774,2,5.2,1,0,1,1,0,1,0
3582,56,36,106,93169,1,1.2,1,0,0,0,0,1,0
3583,32,11,163,90705,2,7.6,2,0,1,0,0,0,0
3584,36,16,140,95486,4,5.8,3,530,1,0,0,0,1
3585,56,35,86,92526,3,2.1,3,0,0,0,0,1,0
3586,32,12,101,93128,1,3.2,1,0,0,0,0,0,0
3587,42,18,91,93796,3,3.4,1,0,0,0,0,0,1
3588,53,30,72,92723,1,3.7,1,258,0,0,0,0,1
3589,51,28,97,92716,1,4.2,3,0,0,0,0,1,0
3590,63,39,81,94136,4,2.3,1,0,0,0,0,0,0
3591,27,5,79,91983,1,3.0,2,0,0,0,0,0,0
3592,35,13,167,92687,2,3.0,1,0,0,0,0,0,0
3593,66,45,87,90923,1,2.5,3,365,0,0,0,1,0
3594,48,26,77,91778,3,3.4,2,0,0,1,0,0,0
3595,33,12,67,94478,3,2.4,1,0,0,0,0,1,0
3596,35,12,64,93193,4,2.8,2,0,0,0,0,1,0
3597,37,12,38,92271,4,1.2,3,0,0,0,1,1,0
3598,47,24,72,95815,3,1.9,2,0,0,0,0,0,1
3599,35,14,132,91243,2,5.6,3,0,1,0,0,0,0
3600,50,26,54,93111,1,0.8,3,0,0,0,0,1,1
3601,42,18,206,90416,4,10.8,2,0,1,0,0,0,0
3602,49,27,20,96136,3,1.0,3,0,0,0,0,1,0
3603,29,8,95,95208,1,4.6,3,0,1,0,0,1,0
3604,50,26,83,95084,3,4.0,1,0,0,0,0,0,1
3605,63,42,165,91670,2,5.3,3,199,0,0,0,1,1
3606,28,3,51,93008,2,1.6,2,589,0,0,0,0,0
3607,37,16,35,92806,2,1.6,2,0,0,0,0,1,0
3608,53,31,66,92092,4,1.5,2,0,1,0,0,1,0
3609,50,26,60,90144,1,2.8,3,0,0,0,0,0,1
3610,52,32,28,94002,4,0.5,3,0,0,0,0,1,0
3611,47,26,78,90116,1,3.8,1,0,0,0,0,0,0
3612,53,33,57,95919,1,1.9,2,572,0,1,0,0,0
3613,49,27,149,90903,3,6.9,2,190,1,0,0,1,0
3614,26,3,78,92566,1,2.4,3,384,0,0,0,0,0
3615,56,35,48,91870,4,1.7,2,0,0,0,0,1,1
3616,42,20,73,91324,3,3.7,1,0,0,0,0,0,0
3617,25,1,82,96105,2,2.3,1,0,0,0,0,1,0
3618,40,15,100,90811,2,2.0,1,58,1,0,0,1,0
3619,42,22,75,94977,4,1.0,1,0,0,0,1,1,0
3620,26,3,201,93204,4,7.1,1,0,1,1,1,0,0
3621,66,46,37,94201,3,1.3,1,0,0,1,0,1,0
3622,32,9,57,92753,1,2.1,3,0,0,0,0,0,0
3623,37,12,48,90044,3,0.6,1,0,0,0,0,1,0
3624,42,18,62,93188,1,0.7,1,0,0,0,0,1,1
3625,59,38,87,90165,2,4.2,3,0,0,0,0,0,1
3626,55,34,84,93013,3,3.4,1,242,1,0,0,0,0
3627,56,32,99,93584,2,1.5,3,317,0,0,0,1,0
3628,33,9,78,93560,4,1.0,3,487,0,0,0,1,1
3629,60,39,81,94396,4,1.4,1,552,1,0,0,0,0
3630,59,39,79,91946,1,3.6,2,0,0,0,0,0,1
3631,43,21,58,96108,4,2.4,1,94,0,0,0,0,0
3632,47,24,56,92948,4,2.1,2,0,0,0,0,0,0
3633,24,2,47,94295,1,1.8,2,0,0,0,0,1,1
3634,56,31,101,92649,2,4.8,1,0,0,0,0,1,1
3635,65,41,22,92262,4,0.5,2,207,0,0,0,0,0
3636,43,19,80,93266,1,1.9,2,376,0,1,0,1,0
3637,46,26,111,95172,1,3.2,1,0,0,0,0,0,0
3638,44,19,127,92788,3,6.7,1,566,1,1,0,1,0
3639,26,2,18,90414,4,0.6,2,0,0,0,0,0,0
3640,50,28,59,94030,2,2.0,1,0,0,0,0,1,1
3641,54,31,49,92161,4,2.2,3,0,0,0,0,0,0
3642,63,39,57,94404,3,1.0,3,380,0,0,0,1,0
3643,63,38,141,95163,1,3.9,3,281,0,0,0,0,1
3644,44,21,49,92482,2,1.9,1,0,0,1,0,0,0
3645,65,45,111,95752,3,5.9,2,0,1,0,0,1,0
3646,46,23,80,94537,2,1.3,2,0,0,0,0,1,1
3647,51,27,55,94168,1,1.6,2,0,0,0,0,0,0
3648,49,29,52,95656,1,2.6,3,0,0,1,0,1,1
3649,66,42,85,95450,3,3.5,2,184,0,0,0,0,1
3650,55,34,71,94764,4,2.6,1,0,0,0,0,0,1
3651,28,3,27,96126,2,0.6,1,565,0,0,0,0,0
3652,26,3,43,94805,4,0.8,3,0,0,1,0,1,0
3653,41,20,86,95293,3,2.3,2,540,0,0,0,1,0
3654,45,25,36,94544,2,0.8,3,0,0,0,0,1,0
3655,52,32,120,92845,3,5.4,3,0,1,0,0,1,0
3656,44,20,31,92440,2,1.3,3,0,0,1,0,0,0
3657,45,23,64,95000,4,3.0,2,0,0,0,0,1,1
3658,63,38,103,95920,4,1.8,3,0,0,0,0,1,0
3659,37,16,41,93616,4,1.0,3,0,0,0,0,1,0
3660,44,19,35,91190,1,1.5,3,0,0,0,0,1,0
3661,47,22,93,95022,1,1.6,3,0,0,0,0,0,0
3662,43,23,113,91817,4,1.8,2,0,1,0,0,1,0
3663,65,42,66,94550,4,1.8,3,0,0,0,0,1,0
3664,65,40,59,91286,3,1.1,2,78,0,0,0,1,0
3665,45,24,30,95323,1,0.4,3,0,0,0,0,1,0
3666,42,22,76,93002,4,1.8,3,208,0,0,0,0,0
3667,48,23,25,92301,2,1.2,3,0,0,0,0,0,0
3668,30,8,142,94635,2,1.8,2,0,0,0,0,0,1
3669,41,21,68,94380,2,2.3,3,0,0,0,0,0,0
3670,32,7,43,91602,2,1.5,3,542,1,0,0,1,0
3671,29,5,52,90416,2,1.7,2,0,0,0,0,1,1
3672,27,7,80,95956,2,2.6,2,242,1,0,0,1,0
3673,48,27,57,96018,3,0.6,3,0,0,0,0,0,1
3674,23,3,73,94097,1,0.9,3,192,0,0,0,1,0
3675,51,26,40,90684,2,1.3,2,0,0,0,0,1,0
3676,42,22,128,95803,1,6.7,2,179,1,0,0,1,1
3677,39,15,53,92863,3,1.5,2,0,0,0,0,0,0
3678,56,33,21,93756,4,0.6,2,351,0,0,0,1,1
3679,46,23,60,94186,4,3.2,1,0,0,0,0,1,0
3680,55,31,48,93640,1,2.1,1,210,0,0,0,1,0
3681,54,29,124,91429,3,5.4,3,0,1,0,0,1,0
3682,24,4,44,95981,1,1.4,3,61,0,0,0,0,0
3683,32,12,57,93282,2,2.8,1,0,0,0,0,0,1
3684,48,28,81,95862,2,2.8,3,264,0,0,0,0,0
3685,65,41,99,90831,3,3.8,2,0,0,0,0,0,0
3686,29,6,147,94301,2,6.5,1,0,1,0,0,1,1
3687,27,7,45,91121,3,1.2,3,0,0,0,0,0,1
3688,64,43,139,90710,3,7.1,1,398,1,0,1,0,0
3689,65,42,121,95446,4,6.4,1,73,1,0,0,0,0
3690,30,6,48,90732,1,1.7,3,0,0,0,0,1,0
3691,40,18,45,90250,4,0.9,2,0,0,0,0,1,0
3692,50,25,90,90209,4,3.9,1,0,1,0,1,0,0
3693,31,6,72,92271,3,1.7,2,0,0,0,0,0,1
3694,37,13,90,90914,4,3.2,2,206,0,0,0,0,1
3695,40,18,61,90458,1,0.8,2,0,0,0,0,1,1
3696,51,26,76,93393,1,3.4,1,0,1,0,0,1,0
3697,36,12,68,91289,1,3.5,1,0,0,0,0,0,1
3698,41,18,89,92762,4,1.3,2,0,1,0,0,1,0
3699,35,13,44,90620,2,1.8,2,389,0,0,0,1,1
3700,56,32,79,94302,2,3.7,3,0,0,1,0,0,0
3701,29,6,146,92597,3,2.2,1,0,0,0,0,1,0
3702,33,12,141,95531,2,2.9,3,204,1,0,1,1,1
3703,33,8,84,95006,3,2.3,3,0,0,0,0,1,0
3704,62,42,44,92334,4,2.0,1,0,0,0,0,1,0
3705,64,40,183,92059,2,5.7,1,0,1,0,0,1,0
3706,45,22,89,95389,4,1.4,2,0,0,0,0,0,1
3707,29,6,173,92260,3,3.7,3,0,1,1,0,0,1
3708,56,36,91,95556,2,2.8,1,0,0,0,0,1,0
3709,44,22,17,90603,4,0.2,1,0,0,0,0,0,0
3710,60,35,182,94203,2,6.8,2,0,1,0,0,1,0
3711,38,17,112,92765,1,1.2,3,566,0,0,0,1,0
3712,66,42,74,95179,2,3.2,1,145,0,0,0,1,0
3713,58,33,26,90541,4,1.1,1,313,0,0,0,1,1
3714,32,7,119,95740,3,5.7,1,0,1,0,0,1,0
3715,54,31,91,96191,3,1.5,3,0,0,0,0,1,1
3716,35,14,210,92832,3,7.6,2,120,1,0,0,0,1
3717,38,14,164,94068,1,7.2,2,0,1,0,0,0,1
3718,34,12,171,93118,1,5.5,3,0,1,0,0,1,0
3719,53,30,82,93784,2,1.3,2,0,1,0,0,0,0
3720,34,10,81,93200,4,1.2,3,0,0,0,0,1,0
3721,51,27,91,94113,1,3.3,1,0,1,0,1,1,0
3722,48,27,51,92853,3,1.6,1,0,0,0,0,1,1
3723,56,32,75,96135,4,3.8,2,0,1,0,0,1,1
3724,66,43,67,95878,1,3.1,1,0,1,0,0,1,0
3725,23,0,137,94955,1,5.7,3,0,1,0,0,1,0
3726,66,43,151,90567,4,7.9,2,0,1,0,0,1,1
3727,27,2,105,91435,1,4.2,1,553,0,0,0,1,0
3728,46,21,46,92252,3,0.6,3,0,0,1,0,1,0
3729,37,12,188,90776,4,2.5,2,0,1,0,0,0,1
3730,51,27,119,95619,2,5.4,2,457,0,0,0,1,0
3731,54,31,88,91699,2,2.3,1,0,0,0,0,0,0
3732,60,40,100,94801,3,5.0,3,122,0,0,0,1,0
3733,40,18,33,95604,3,0.5,2,0,0,0,0,0,1
3734,64,42,67,91787,4,1.2,3,0,0,0,0,0,1
3735,37,13,143,94493,3,6.2,3,0,1,0,0,1,0
3736,31,8,32,94114,4,1.5,2,0,0,0,0,0,0
3737,39,17,32,93963,1,1.5,1,0,0,0,0,0,1
3738,46,26,119,90011,2,1.7,2,0,0,0,0,1,0
3739,52,28,96,93408,1,2.5,1,546,0,0,0,1,0
3740,59,37,33,93302,3,1.3,3,0,0,0,1,1,1
3741,32,12,64,90028,1,3.2,1,584,0,0,0,0,1
3742,36,15,88,95694,4,1.8,1,0,0,0,0,1,0
3743,64,39,83,94706,4,3.0,2,343,1,0,0,0,0
3744,42,22,92,93833,4,1.5,2,107,0,0,0,1,1
3745,33,11,62,92254,4,2.6,2,0,0,0,0,1,0
3746,66,43,85,95636,1,1.3,3,0,0,0,0,1,0
3747,42,22,105,92636,3,5.6,3,0,1,0,0,1,0
3748,66,46,100,90468,3,1.4,3,0,0,0,0,0,1
3749,63,38,63,96196,3,2.5,2,0,1,0,0,1,0
3750,62,39,110,93308,4,4.8,2,252,0,0,0,1,0
3751,48,27,43,93653,3,0.9,3,0,0,0,0,0,0
3752,58,37,52,94242,1,1.1,1,0,0,0,0,0,1
3753,65,43,119,91019,4,4.3,1,0,1,1,0,0,0
3754,34,10,109,90206,2,4.1,1,0,0,0,0,1,1
3755,24,0,66,92838,2,2.7,3,0,0,0,0,0,0
3756,37,16,52,95371,3,1.8,2,0,1,0,1,1,1
3757,51,27,55,96160,4,1.0,1,0,0,0,0,1,0
3758,47,22,102,91590,3,5.1,1,0,1,0,0,0,0
3759,26,5,92,96119,1,1.6,1,0,0,0,0,1,0
3760,47,27,50,95361,3,1.7,2,0,0,0,0,1,0
3761,30,5,108,95068,3,5.4,1,0,1,0,0,1,0
3762,45,22,64,91734,1,3.2,3,0,0,0,0,1,0
3763,48,24,44,94545,3,0.8,3,0,0,0,0,1,0
3764,51,30,58,96085,4,1.2,3,0,0,0,0,0,0
3765,41,20,78,93602,4,2.8,3,414,1,0,1,1,0
3766,40,19,106,95502,2,2.6,3,0,1,0,0,1,0
3767,52,31,103,91715,3,4.3,3,375,1,0,0,1,0
3768,55,33,71,95309,4,2.3,2,0,0,0,0,1,0
3769,58,38,83,91102,3,1.8,3,0,1,0,1,1,1
3770,37,12,67,94262,2,1.9,2,0,0,0,0,1,0
3771,41,18,50,92247,1,2.0,2,0,0,0,0,0,0
3772,37,12,72,92489,1,3.2,1,0,0,0,0,0,1
3773,46,23,26,94551,3,0.7,2,313,0,0,0,1,0
3774,28,7,153,92839,4,2.2,3,0,0,1,0,1,0
3775,41,18,82,95229,3,2.1,2,0,0,0,0,0,1
3776,31,11,94,93640,4,3.5,1,0,1,0,0,0,0
3777,46,22,51,93177,3,2.2,2,0,0,0,0,0,0
3778,60,36,82,91657,2,3.9,3,0,0,0,0,0,1
3779,66,46,89,93997,3,4.6,3,473,1,0,0,1,1
3780,42,19,66,91589,2,2.2,2,352,1,0,0,1,0
3781,25,2,68,94639,1,3.3,1,0,0,0,0,1,0
3782,33,12,36,93009,3,0.8,1,226,0,1,0,1,0
3783,27,7,179,93294,3,6.1,3,0,1,1,0,0,0
3784,56,32,51,93279,4,1.7,1,309,0,1,0,1,0
3785,66,45,54,90266,1,2.3,3,0,0,0,0,0,1
3786,47,24,158,94944,2,6.9,1,0,1,1,0,0,0
3787,30,9,97,96155,1,2.2,3,0,0,0,0,0,0
3788,23,0,107,94618,4,5.2,2,0,1,0,0,0,0
3789,65,45,35,91128,4,1.7,3,0,0,0,0,1,0
3790,36,14,81,93876,2,4.1,3,0,0,0,0,0,0
3791,27,4,35,90997,4,1.0,3,0,0,0,0,0,1
3792,30,8,47,94056,3,2.5,3,0,0,0,0,1,0
3793,34,11,193,92746,2,8.5,1,0,1,0,0,1,1
3794,51,30,42,95404,2,1.6,1,0,0,0,0,1,1
3795,62,40,104,93608,3,3.0,1,0,0,0,0,1,0
3796,35,11,44,90360,1,2.0,2,0,0,1,0,0,1
3797,53,31,47,95399,1,2.0,2,61,0,0,0,1,0
3798,25,5,255,93537,4,9.0,1,0,1,0,0,1,0
3799,23,0,71,95506,1,3.8,3,0,0,0,0,1,0
3800,25,1,33,90375,1,0.7,1,173,0,0,0,0,0
3801,63,39,106,91472,4,4.0,1,0,0,1,0,1,0
3802,48,24,137,90682,4,3.3,1,0,0,0,0,1,0
3803,58,34,112,91838,4,3.3,3,457,1,0,1,0,0
3804,23,0,68,92949,1,1.7,1,508,1,1,1,1,1
3805,23,0,69,94058,4,1.7,3,0,0,0,0,1,0
3806,60,40,56,92428,2,1.5,2,0,0,0,0,1,1
3807,27,4,40,92971,1,0.5,2,90,0,0,0,0,0
3808,29,8,88,94550,4,1.0,1,490,0,0,0,1,0
3809,45,21,66,92564,2,2.7,3,0,0,0,0,1,0
3810,49,27,35,95075,3,0.8,3,0,0,1,0,0,0
3811,33,8,72,90717,1,0.8,2,0,0,0,0,1,1
3812,42,19,51,94898,1,0.7,1,0,0,1,0,1,0
3813,52,29,86,94964,4,1.6,1,257,0,0,0,1,0
3814,42,17,81,93594,3,1.0,1,578,1,0,0,0,0
3815,39,17,61,91852,4,3.1,1,243,0,0,0,0,0
3816,26,4,74,90037,1,2.6,3,0,0,0,0,0,0
3817,42,20,77,96101,4,2.1,1,70,0,0,0,1,1
3818,58,33,119,90144,4,3.9,3,0,0,0,0,1,0
3819,50,26,72,90541,4,1.1,2,0,0,0,0,0,0
3820,62,42,57,91179,1,2.3,2,513,0,0,0,1,0
3821,28,6,64,91191,1,3.3,3,0,0,0,0,0,0
3822,23,1,172,91663,3,2.7,2,0,1,0,0,1,0
3823,47,24,45,91330,1,0.7,1,0,0,0,0,1,0
3824,30,10,67,92857,1,2.5,2,0,0,0,0,0,0
3825,49,25,66,95569,4,1.1,2,0,0,1,0,1,0
3826,62,38,68,92356,3,1.1,3,0,0,1,0,1,0
3827,37,16,28,90869,4,1.1,3,0,0,1,0,1,0
3828,47,27,39,90937,4,1.4,3,500,0,1,0,1,1
3829,52,29,64,95262,1,1.2,3,0,0,0,0,1,0
3830,29,8,55,90597,4,2.5,1,0,0,0,0,0,1
3831,62,37,86,95897,1,1.3,1,0,0,0,0,1,0
3832,31,7,128,90134,2,3.1,1,0,1,1,0,1,1
3833,58,33,89,90259,2,3.7,2,0,0,0,0,0,1
3834,52,29,79,90428,1,2.9,1,0,0,1,0,1,1
3835,29,4,94,95724,3,3.4,1,301,0,0,0,1,0
3836,54,34,82,90003,1,3.3,3,0,1,0,0,1,1
3837,31,10,73,95491,4,2.8,1,471,0,0,0,0,1
3838,49,29,117,90200,4,5.6,1,0,1,1,0,1,0
3839,65,41,12,94446,3,0.4,1,0,0,1,0,1,0
3840,64,41,63,92773,1,1.7,1,225,0,0,0,1,1
3841,61,40,38,91520,3,1.6,1,0,0,0,0,1,0
3842,44,23,54,94188,3,1.1,1,0,0,0,0,1,1
3843,47,24,51,94418,2,2.2,1,585,0,0,0,1,0
3844,36,15,197,92595,2,4.4,3,0,1,0,1,1,0
3845,63,40,132,90660,2,4.1,2,0,0,0,0,1,0
3846,43,20,79,91628,4,3.3,3,335,0,0,0,1,1
3847,56,35,51,90119,1,1.9,3,0,0,0,0,1,1
3848,38,17,116,93816,3,1.6,3,122,0,0,0,1,0
3849,55,33,77,92209,2,2.3,3,66,0,1,0,0,1
3850,32,9,63,93920,3,2.8,2,0,0,0,0,0,0
3851,55,34,78,93347,1,4.1,1,198,0,0,0,1,1
3852,25,3,64,94408,4,1.9,1,0,0,0,0,1,0
3853,27,4,93,92821,2,1.3,1,0,0,1,0,1,0
3854,38,17,37,91762,4,1.0,3,101,0,0,0,0,1
3855,44,21,93,93863,1,2.9,2,0,0,0,0,0,1
3856,54,34,64,95929,3,0.8,1,0,0,0,0,1,0
3857,38,18,117,94293,3,5.6,1,0,1,0,0,0,0
3858,23,2,133,91066,4,4.4,3,272,1,0,0,1,0
3859,37,16,148,91589,1,4.1,2,0,1,0,0,0,0
3860,42,22,225,95973,3,6.1,1,406,1,0,0,0,0
3861,46,21,204,94446,1,2.3,3,365,0,1,0,1,1
3862,51,30,146,93925,2,4.7,3,0,1,0,0,0,0
3863,33,9,115,94485,1,3.5,2,429,1,0,1,1,0
3864,49,24,39,91688,1,1.0,2,0,0,0,0,0,1
3865,50,26,20,95706,4,0.8,2,0,0,0,0,1,0
3866,57,33,124,91234,3,3.4,1,0,1,0,0,1,0
3867,45,25,47,95846,4,1.6,3,516,0,0,0,1,0
3868,58,36,279,91436,3,13.5,3,0,1,0,0,1,1
3869,32,8,31,91943,3,0.8,2,146,0,0,0,1,0
3870,54,31,113,94005,1,3.1,2,121,0,0,0,1,1
3871,25,5,82,93084,4,3.9,3,0,1,0,0,1,0
3872,27,4,33,95939,1,0.8,1,319,0,0,0,0,0
3873,61,37,82,95289,1,2.4,1,0,0,0,0,1,1
3874,43,19,50,95380,3,2.2,3,0,0,0,0,1,0
3875,50,28,71,93529,3,2.5,1,383,0,0,0,1,0
3876,49,28,72,96084,1,3.6,2,370,1,0,0,1,1
3877,53,32,50,94511,3,1.5,2,0,0,0,0,1,0
3878,33,12,61,91996,3,1.9,1,0,0,0,0,1,0
3879,30,8,48,93706,2,0.6,1,0,0,0,0,1,1
3880,24,3,27,92404,3,0.5,3,0,0,0,0,1,0
3881,61,39,78,91703,3,2.6,1,0,0,0,1,1,0
3882,32,12,145,94631,2,2.6,1,0,0,0,0,0,1
3883,48,27,49,92537,1,1.5,2,522,0,0,0,0,0
3884,43,22,184,91551,2,4.1,1,0,0,0,0,0,1
3885,30,10,204,95314,4,2.2,2,71,1,0,0,0,0
3886,41,16,58,92090,2,1.8,3,0,0,0,0,1,1
3887,26,2,66,94600,3,2.5,3,345,0,0,0,0,0
3888,30,5,59,91776,2,1.5,2,0,0,0,0,0,0
3889,29,6,40,92371,3,1.7,1,309,0,0,0,0,0
3890,59,39,66,92529,3,1.1,3,576,0,0,0,1,0
3891,47,22,62,92998,2,0.9,3,517,0,0,0,1,1
3892,63,41,78,94786,3,3.9,3,0,0,0,0,0,0
3893,42,18,80,92185,4,4.0,1,0,0,0,0,1,0
3894,31,9,38,90055,4,1.0,1,0,0,0,0,1,0
3895,49,27,101,90958,4,2.8,1,0,0,0,0,1,0
3896,63,41,66,90161,1,3.1,1,0,0,0,0,1,1
3897,46,25,42,95655,4,1.4,1,234,0,0,0,1,1
3898,23,0,65,90022,3,1.0,3,0,0,1,0,0,1
3899,36,12,82,95710,2,1.2,1,0,0,0,1,0,0
3900,63,43,160,93964,2,2.5,1,307,1,1,0,0,1
3901,45,25,146,90059,1,6.4,3,371,1,1,0,0,1
3902,64,39,56,92272,4,2.0,3,0,0,0,0,1,0
3903,45,22,68,94799,4,1.6,1,0,0,0,0,1,0
3904,23,0,47,92920,1,0.8,1,0,0,0,0,0,0
3905,61,38,89,95008,3,1.4,3,80,0,0,0,1,0
3906,56,33,58,92891,3,2.4,3,0,0,0,0,1,0
3907,54,29,67,92234,1,3.2,2,0,0,0,0,0,0
3908,65,42,126,91259,3,4.2,2,0,0,0,0,0,1
3909,31,10,38,94119,4,1.7,2,123,0,0,0,1,0
3910,62,39,146,94901,2,3.3,3,0,1,0,0,0,0
3911,33,12,93,94262,3,3.3,1,0,0,0,0,0,1
3912,65,43,143,91157,4,4.1,2,189,1,0,0,0,1
3913,31,7,109,92195,2,1.5,3,0,0,0,0,0,1
3914,47,27,120,94242,1,3.7,3,193,0,0,0,1,0
3915,57,33,76,91317,2,3.5,1,0,0,1,0,0,1
3916,26,3,42,94584,1,0.5,3,0,0,0,1,0,0
3917,25,4,54,95706,2,1.7,2,0,0,0,0,1,0
3918,60,40,48,91584,3,2.3,1,0,0,0,0,0,0
3919,25,1,24,92277,1,1.1,1,356,0,0,0,1,1
3920,50,26,126,94396,3,4.0,1,0,0,0,0,1,0
3921,64,40,71,94610,4,1.2,3,0,0,0,0,1,0
3922,50,28,46,91345,2,2.2,1,203,0,0,0,1,1
3923,44,21,200,93007,4,3.3,3,0,0,0,0,1,0
3924,41,19,246,93260,2,5.4,2,88,1,0,0,0,1
3925,51,29,36,95164,3,0.6,3,93,0,0,0,1,0
3926,48,27,66,94445,1,2.0,3,0,0,0,0,0,0
3927,45,24,64,90898,2,2.4,3,436,0,0,0,1,1
3928,29,4,44,90903,4,2.0,3,371,0,0,0,0,1
3929,52,29,124,95603,3,3.7,1,140,0,0,0,1,1
3930,55,34,24,94198,3,1.2,1,0,0,0,0,0,1
3931,54,29,173,95355,3,6.2,1,383,1,0,0,0,0
3932,26,6,77,90826,1,2.8,2,0,0,0,0,0,0
3933,53,30,191,93274,4,3.4,1,386,1,0,0,1,1
3934,55,35,74,90441,2,1.3,2,0,0,0,0,1,0
3935,31,9,64,92960,1,2.2,1,249,0,0,0,0,0
3936,60,37,129,92164,4,5.3,3,0,1,0,0,1,0
3937,46,21,190,91958,1,3.6,1,0,0,1,0,1,0
3938,43,18,174,91353,4,5.4,1,0,1,0,0,1,0
3939,54,29,29,90803,2,0.7,2,0,0,0,0,0,1
3940,45,24,150,90924,1,4.4,2,0,1,0,0,0,1
3941,46,26,62,93312,1,1.2,3,473,0,1,0,0,0
3942,36,11,70,91602,3,1.1,2,0,0,0,0,1,1
3943,63,38,61,91867,3,1.5,3,0,0,0,0,0,1
3944,65,44,54,94724,1,2.6,1,0,0,0,0,0,0
3945,28,8,66,92528,2,3.0,1,409,0,0,0,0,0
3946,55,32,43,95335,1,0.6,3,0,0,0,0,1,0
3947,24,4,150,93893,3,2.1,1,255,0,0,0,0,0
3948,39,19,109,95809,4,3.4,3,0,0,0,0,0,1
3949,65,40,85,94350,2,1.9,3,0,0,0,0,0,1
3950,30,8,61,95897,4,2.8,1,52,0,0,1,1,0
3951,39,19,56,94508,2,1.7,3,467,0,0,0,0,0
3952,32,9,95,93897,1,4.5,2,245,0,0,0,0,0
3953,55,33,87,92335,2,1.3,1,0,0,0,0,1,1
3954,43,20,134,94299,4,7.0,2,0,1,0,0,0,1
3955,49,24,56,92520,4,2.4,2,0,0,0,0,0,1
3956,64,43,53,91892,3,2.2,3,0,0,0,0,0,1
3957,45,22,106,90176,2,5.4,1,0,0,0,0,1,0
3958,55,31,118,95549,4,3.6,3,0,0,0,0,1,1
3959,27,5,236,91843,3,3.9,1,90,1,0,0,1,0
3960,32,7,28,92161,4,0.9,1,0,0,0,0,1,0
3961,64,42,155,94899,3,7.0,2,0,1,0,0,1,0
3962,60,38,81,94555,3,3.8,3,307,0,1,0,0,1
3963,51,26,58,94152,4,1.8,3,0,0,0,0,1,1
3964,39,16,96,94865,4,4.0,3,0,0,0,0,1,1
3965,31,6,94,96043,3,1.9,1,206,0,0,0,1,0
3966,60,36,59,96062,1,1.2,2,0,0,0,0,0,0
3967,57,33,29,92928,2,1.0,1,582,0,0,0,0,0
3968,33,12,155,90198,3,4.4,3,335,1,0,0,1,1
3969,48,26,51,90759,3,0.9,1,207,0,0,0,1,1
3970,50,25,47,91556,2,2.0,1,0,0,0,0,1,0
3971,44,21,53,93332,1,1.8,3,71,0,0,0,0,1
3972,63,42,115,92923,4,3.7,1,511,1,0,0,0,0
3973,28,7,63,93784,4,1.1,2,0,0,0,0,0,0
3974,34,10,54,94944,1,1.1,3,410,0,0,0,0,0
3975,27,6,92,94442,2,3.7,2,0,1,0,0,0,0
3976,53,33,86,94498,2,4.0,2,0,0,0,0,1,0
3977,51,27,55,95260,4,1.0,3,229,0,0,0,1,0
3978,66,45,29,90467,4,1.3,3,150,0,0,0,1,0
3979,46,22,114,92420,2,5.0,1,74,0,0,0,1,0
3980,29,6,86,95313,2,3.9,3,0,1,0,0,1,0
3981,42,17,24,90780,2,0.8,2,0,0,0,0,1,0
3982,26,3,167,92557,1,4.2,3,229,1,0,0,1,1
3983,52,27,24,94871,2,1.0,2,433,0,0,0,1,0
3984,52,27,49,95302,2,1.5,1,231,0,0,0,0,0
3985,60,39,50,95102,1,1.0,3,0,0,0,1,1,0
3986,37,12,55,95479,3,1.5,1,0,0,0,0,1,1
3987,36,12,54,90355,4,1.6,3,0,0,0,0,1,0
3988,26,6,37,95691,2,1.2,3,0,0,1,0,1,1
3989,41,21,82,93049,2,4.0,3,434,0,0,0,0,0
3990,43,22,124,94871,2,3.4,1,0,0,0,0,1,0
3991,56,36,81,91670,1,1.8,2,0,1,0,1,0,1
3992,56,34,89,94670,3,4.6,1,181,1,0,0,0,0
3993,29,4,63,90857,2,1.3,1,0,0,0,0,0,0
3994,35,13,80,93165,4,0.8,1,0,0,0,0,1,0
3995,45,25,93,90226,2,4.4,2,450,1,0,0,1,1
3996,37,15,109,93448,4,5.6,2,0,1,0,0,1,0
3997,24,3,52,96145,2,2.1,3,136,0,0,0,0,0
3998,60,35,48,93202,1,1.3,1,151,0,0,0,0,1
3999,55,35,20,90252,2,0.7,1,0,0,0,0,0,0
4000,45,21,193,93197,4,8.9,3,0,1,0,0,1,0
4001,36,14,186,91257,2,9.0,1,497,1,0,0,1,0
4002,60,40,73,91306,4,1.1,3,0,0,0,0,1,0
4003,24,0,75,93605,3,3.6,3,425,0,0,0,0,0
4004,42,20,161,92033,3,5.9,3,0,1,1,0,1,1
4005,58,34,38,92377,4,0.4,2,0,0,0,0,1,0
4006,64,41,46,91099,3,0.7,3,0,0,0,0,1,0
4007,34,10,166,93940,3,2.0,3,0,1,0,0,1,0
4008,51,29,63,94449,1,3.2,1,0,0,0,0,1,1
4009,31,11,42,95537,3,1.2,2,526,0,0,0,1,1
4010,28,8,95,92606,3,3.9,3,0,1,0,0,1,0
4011,38,16,52,90151,1,0.5,1,563,0,0,0,1,1
4012,61,39,151,91508,3,6.7,2,0,1,0,0,1,1
4013,53,29,79,96109,3,2.4,2,0,1,0,0,1,0
4014,44,22,53,94955,2,2.7,1,0,0,0,1,0,0
4015,35,10,55,93307,1,1.8,1,0,0,0,0,0,1
4016,29,8,93,95551,1,4.1,3,0,1,0,0,0,1
4017,34,12,67,91564,1,2.5,1,0,0,0,1,1,0
4018,29,5,63,90028,1,2.1,1,0,0,0,0,0,0
4019,31,11,111,94063,1,5.7,3,0,1,0,0,1,1
4020,53,32,162,95444,3,5.1,3,290,1,0,0,1,0
4021,28,4,103,90819,2,5.0,2,64,0,0,0,0,1
4022,25,2,50,90165,1,0.6,1,0,0,0,0,1,1
4023,46,22,41,94576,1,1.6,1,241,0,0,0,1,0
4024,35,12,107,94400,3,5.3,3,0,1,0,0,1,0
4025,43,18,103,90252,4,5.0,1,0,0,0,0,0,0
4026,29,4,60,95437,4,1.9,3,0,0,0,0,0,1
4027,32,7,68,96063,4,2.1,3,0,0,0,0,1,0
4028,42,22,51,91461,2,2.3,1,0,0,0,0,1,1
4029,53,30,41,95233,3,1.0,2,0,0,0,0,1,1
4030,41,21,54,95849,1,2.7,3,301,0,1,0,1,0
4031,46,25,18,92776,1,0.4,3,0,0,0,0,1,0
4032,45,24,136,94465,1,1.8,2,0,1,0,0,1,0
4033,34,11,34,92940,1,1.5,1,0,0,0,0,0,0
4034,35,13,73,96099,2,2.0,2,0,1,0,0,0,0
4035,41,16,22,90565,1,0.6,2,0,0,0,0,1,0
4036,24,3,101,91237,4,2.4,2,0,0,0,0,1,1
4037,53,30,117,91461,3,6.1,1,0,0,0,0,0,0
4038,50,26,77,90795,3,2.7,3,0,1,0,0,1,1
4039,36,11,71,90444,1,3.8,2,279,0,0,0,1,0
4040,39,18,51,94102,4,1.3,1,515,0,1,0,1,1
4041,37,13,134,93694,1,3.7,1,0,0,1,0,1,0
4042,51,31,31,93192,4,0.6,1,0,0,1,0,1,0
4043,56,33,58,94607,3,1.7,2,150,0,0,0,1,1
4044,27,5,48,95051,1,0.6,1,0,0,0,0,0,0
4045,41,16,47,91672,1,0.5,2,370,0,0,0,1,0
4046,23,0,132,92660,3,3.9,1,0,1,0,1,0,0
4047,42,17,69,94037,4,2.9,1,0,0,1,0,1,1
4048,33,8,51,90012,2,1.5,1,0,0,0,0,1,0
4049,37,15,88,93153,1,2.9,1,0,0,0,0,1,0
4050,43,19,84,93007,2,2.5,1,0,0,0,0,0,1
4051,37,17,116,91696,2,3.8,1,0,1,1,0,1,1
4052,40,17,93,94128,2,4.1,3,0,1,0,0,1,0
4053,56,36,71,92048,4,3.2,2,0,0,0,0,1,1
4054,58,34,73,91935,2,3.4,2,0,0,0,0,0,0
4055,23,0,29,94497,1,0.6,1,0,0,1,0,0,0
4056,39,15,91,93113,3,2.7,2,313,0,0,0,0,0
4057,60,35,44,91233,3,2.0,1,0,0,0,1,1,0
4058,46,25,83,93741,3,4.2,2,465,0,0,0,1,0
4059,32,7,160,92030,3,5.4,2,0,1,0,1,1,1
4060,49,26,77,94452,2,2.4,3,0,0,1,0,1,0
4061,29,5,61,92985,2,2.6,2,111,0,0,0,0,0
4062,23,0,61,91461,1,3.2,1,0,0,0,0,0,1
4063,50,27,89,90511,1,2.5,1,0,0,0,0,1,0
4064,45,24,81,91666,3,1.4,3,0,0,0,0,0,0
4065,56,33,103,94081,2,4.8,1,148,1,0,1,1,0
4066,38,15,53,94258,3,2.2,1,231,0,0,0,1,0
4067,60,35,67,95130,4,1.1,1,0,0,0,0,1,0
4068,41,19,113,92196,3,2.7,3,0,0,0,0,1,1
4069,55,32,117,95684,1,4.0,3,0,1,0,0,1,0
4070,27,4,118,94652,1,4.9,1,0,0,0,0,1,0
4071,27,7,106,92048,1,4.6,1,0,0,0,0,0,0
4072,57,37,108,91659,2,1.8,3,589,1,0,0,0,0
4073,59,39,83,93544,1,1.6,1,0,0,0,0,1,0
4074,64,41,34,94680,4,1.4,1,505,0,0,0,0,1
4075,37,15,36,92918,2,0.5,2,0,0,1,0,1,0
4076,23,0,76,90976,3,2.4,2,0,0,0,0,1,0
4077,66,42,78,94758,1,2.6,1,0,1,1,0,1,0
4078,49,29,46,92804,1,1.1,2,0,0,0,0,1,1
4079,33,13,48,90184,1,2.1,3,358,0,0,0,1,0
4080,56,34,70,91187,2,0.9,2,0,0,0,0,0,1
4081,62,37,208,93579,2,9.1,1,0,1,0,0,0,0
4082,35,15,42,93198,2,1.6,1,0,0,1,0,1,0
4083,56,35,59,91032,4,1.9,3,0,0,0,0,1,1
4084,57,37,116,94341,3,5.5,1,487,0,0,0,0,1
4085,45,23,105,93941,3,2.0,1,230,0,0,0,0,0
4086,50,25,87,93270,1,3.9,1,549,0,0,0,1,1
4087,34,10,26,90462,2,0.5,1,0,0,0,0,1,0
4088,63,41,65,90992,3,3.4,2,0,0,0,0,0,0
4089,66,46,178,91123,3,2.0,1,0,1,0,0,1,0
4090,66,44,47,95712,4,1.6,2,379,0,0,0,0,0
4091,55,32,46,91393,2,0.8,1,0,0,0,0,1,0
4092,24,3,156,90029,2,4.3,3,0,1,0,0,0,0
4093,39,15,70,91767,4,1.1,2,0,0,0,0,0,0
4094,42,17,27,94529,2,0.5,1,0,0,0,0,1,1
4095,65,44,39,91313,3,0.5,3,87,0,0,0,1,0
4096,47,26,53,94480,1,0.5,3,54,0,0,0,1,0
4097,46,26,84,90173,1,3.5,1,0,0,0,0,1,0
4098,29,5,66,95555,1,2.0,2,0,0,0,0,1,0
4099,57,35,45,93392,2,0.5,2,0,0,0,0,1,0
4100,37,16,67,95339,4,3.4,2,0,1,0,0,1,0
4101,27,6,47,94461,1,1.8,1,0,0,0,0,0,0
4102,66,46,184,90931,4,3.9,1,0,1,0,0,1,1
4103,31,9,38,94114,4,1.1,1,0,0,0,0,1,0
4104,23,0,57,95865,1,1.8,1,533,0,1,0,0,0
4105,26,5,53,92957,1,1.8,1,0,0,0,0,0,1
4106,42,22,53,90936,4,2.5,3,0,0,0,0,1,1
4107,27,5,40,93421,3,1.4,1,0,0,0,0,1,0
4108,60,36,150,93495,1,7.9,1,442,1,0,0,1,0
4109,45,23,217,94846,4,9.0,1,0,1,0,0,0,0
4110,37,16,90,90970,3,4.8,2,401,1,0,1,1,0
4111,23,3,86,94065,3,2.9,3,0,0,0,0,1,0
4112,44,20,30,92350,3,1.2,3,0,0,0,0,0,0
4113,29,4,148,91494,1,6.2,2,0,1,0,0,1,1
4114,66,42,47,94914,2,2.0,1,133,0,1,0,0,0
4115,35,12,28,93405,1,0.3,1,0,0,0,0,0,0
4116,43,19,99,95803,3,1.5,3,0,0,0,0,1,0
4117,23,1,127,91458,4,2.5,1,0,0,0,0,0,1
4118,28,8,147,91989,3,3.2,1,0,0,0,0,1,0
4119,32,10,58,95682,3,2.9,2,140,0,0,0,0,0
4120,25,1,54,92703,1,2.2,1,436,0,0,0,1,1
4121,54,31,82,92432,3,1.3,1,0,0,1,0,1,0
4122,64,39,66,94974,4,1.9,3,0,0,0,0,1,1
4123,66,41,100,90669,1,2.1,1,525,1,0,0,1,0
4124,34,13,83,93696,1,3.8,1,450,0,0,0,1,0
4125,57,37,45,92183,3,2.2,1,60,0,0,0,1,1
4126,45,24,150,95564,1,2.6,1,0,0,0,0,1,1
4127,25,0,100,90797,1,2.8,3,0,0,0,0,1,1
4128,26,2,126,92038,4,6.5,3,0,1,0,0,1,1
4129,47,27,46,91176,1,1.8,3,78,0,0,0,0,0
4130,41,21,98,91162,2,4.7,3,0,0,0,0,0,1
4131,23,0,113,91567,2,2.9,2,0,1,0,0,0,1
4132,63,40,81,93399,2,1.5,2,0,0,0,0,0,0
4133,55,30,40,93063,2,1.6,2,557,0,0,0,1,0
4134,45,21,77,92893,2,1.2,2,131,0,0,0,1,0
4135,66,45,107,95447,4,5.0,3,574,1,0,0,0,0
4136,65,45,130,95462,1,5.6,2,0,0,0,0,1,0
4137,65,42,31,91304,1,0.7,2,0,0,0,0,0,1
4138,34,11,80,90551,2,2.5,2,0,1,0,0,1,0
4139,61,36,35,94190,4,1.6,1,0,0,0,0,1,0
4140,45,22,108,90281,2,5.5,2,0,0,0,0,1,0
4141,54,31,123,93750,1,3.1,2,451,1,0,0,0,1
4142,60,39,43,91078,3,1.9,2,450,0,0,0,0,0
4143,30,10,39,91059,3,0.7,2,99,0,1,0,1,0
4144,42,17,53,94165,2,2.6,3,534,0,0,0,0,1
4145,28,4,67,94786,1,2.7,3,0,0,1,0,0,0
4146,35,15,49,92017,4,0.8,1,0,0,0,0,0,1
4147,41,17,113,92219,4,4.8,1,0,1,0,0,0,1
4148,60,38,130,90604,4,5.4,1,0,1,0,0,1,0
4149,60,38,78,95548,4,3.3,1,0,0,0,0,1,0
4150,40,15,50,95496,2,1.2,1,0,0,0,0,0,0
4151,37,12,66,90979,2,2.8,3,0,0,0,0,1,0
4152,46,25,78,94726,4,3.6,3,334,0,0,0,1,0
4153,63,42,65,95706,2,1.6,1,0,0,0,0,0,1
4154,65,41,71,95483,4,1.3,3,0,0,0,0,1,1
4155,32,7,125,92637,3,6.1,1,76,1,0,0,0,0
4156,31,11,48,90693,4,1.8,3,0,0,0,0,1,1
4157,54,29,192,93219,1,5.8,2,0,1,0,0,0,0
4158,36,14,79,91954,3,3.8,3,0,1,0,1,0,0
4159,31,8,63,92158,4,1.0,1,0,0,0,0,1,0
4160,24,4,47,93875,1,2.1,1,0,0,0,0,0,0
4161,40,16,50,93556,3,1.6,1,0,0,1,0,1,1
4162,40,16,74,90489,1,0.9,2,0,0,0,0,0,1
4163,47,24,79,93873,4,4.1,3,498,1,0,0,1,0
4164,31,7,62,96147,4,2.7,2,218,0,0,0,1,0
4165,54,29,35,91209,1,0.7,3,0,0,0,0,0,0
4166,52,27,74,96155,3,3.7,1,0,1,0,0,0,0
4167,43,19,50,90649,2,2.5,3,0,0,0,0,0,0
4168,30,5,27,93215,4,1.2,3,0,0,1,1,0,0
4169,45,21,102,90592,2,1.6,1,0,0,0,0,1,0
4170,52,28,29,96160,3,0.5,2,0,0,0,0,0,0
4171,39,16,60,94900,1,2.6,1,0,0,0,0,0,0
4172,34,10,70,95808,1,3.5,1,0,0,0,0,0,0
4173,45,25,140,90251,4,2.7,1,0,1,0,0,0,1
4174,38,15,28,93776,2,0.8,3,66,0,1,0,0,0
4175,40,18,107,95125,4,1.8,3,552,1,0,0,0,0
4176,38,13,116,90524,4,3.6,1,0,0,1,0,0,0
4177,36,16,162,95776,4,6.1,3,198,1,0,0,1,1
4178,54,31,128,90784,1,1.4,3,0,0,0,0,0,0
4179,43,22,71,90686,1,2.7,2,426,0,1,0,1,0
4180,43,18,110,91843,3,4.1,3,0,0,0,0,1,1
4181,51,26,143,95691,4,4.2,3,0,1,1,0,1,1
4182,38,17,24,95106,4,1.2,1,0,0,0,0,1,1
4183,27,2,35,92679,3,0.6,3,0,0,0,0,0,1
4184,60,38,83,93345,1,1.0,2,384,0,1,0,1,0
4185,25,0,116,90238,3,3.7,1,0,1,0,0,1,0
4186,48,24,100,95151,2,3.3,1,0,0,0,0,1,0
4187,34,14,87,90320,4,1.9,2,0,0,0,1,0,1
4188,32,11,161,94414,3,8.3,3,0,1,0,0,1,0
4189,24,2,61,92298,1,1.3,2,0,0,0,0,1,1
4190,62,41,49,95052,4,1.1,2,215,0,0,0,1,1
4191,41,21,55,90163,4,2.5,1,0,0,0,0,0,0
4192,38,13,84,91647,3,4.2,3,0,1,0,0,1,0
4193,55,30,69,94040,4,2.3,1,0,0,0,0,0,0
4194,24,2,119,94343,1,1.3,2,100,0,0,0,1,0
4195,47,26,51,90034,2,1.3,2,0,0,0,0,1,0
4196,44,23,90,90480,1,1.8,1,0,0,0,1,0,0
4197,47,22,110,92259,2,3.5,3,93,1,0,0,0,0
4198,28,7,143,94275,2,5.7,3,0,1,1,0,1,1
4199,64,44,38,93914,2,1.0,2,238,0,0,0,1,1
4200,33,11,55,93020,2,1.8,3,0,0,0,0,1,0
4201,52,30,67,93644,3,2.9,3,497,0,1,0,1,0
4202,55,32,32,92079,1,0.7,1,0,0,0,0,1,0
4203,38,16,87,93541,2,1.6,1,0,0,0,0,1,1
4204,28,3,86,94316,4,3.9,2,0,0,0,0,1,0
4205,36,13,82,91310,3,1.0,2,0,0,0,0,1,0
4206,58,33,65,90041,1,1.1,2,0,0,0,0,0,1
4207,62,40,135,91780,2,1.4,2,0,0,0,0,1,0
4208,64,41,56,94784,4,1.9,3,0,0,1,0,1,0
4209,32,10,129,95203,1,4.6,1,0,0,0,0,1,1
4210,49,25,55,93321,4,1.8,1,0,0,0,0,0,0
4211,29,5,38,95304,2,1.1,1,407,0,0,0,1,1
4212,54,33,71,92669,3,2.3,1,208,0,0,0,1,1
4213,41,16,78,94492,2,1.4,3,0,0,0,0,0,1
4214,54,29,91,93284,3,4.2,3,0,0,0,0,1,1
4215,53,28,21,90001,4,1.1,1,0,0,0,0,1,1
4216,66,45,61,91683,1,2.0,2,0,0,0,1,0,0
4217,44,20,185,94161,2,4.9,1,0,1,0,0,1,1
4218,38,18,53,93825,3,2.3,2,0,0,0,0,1,1
4219,46,26,117,94571,2,2.1,3,81,0,0,0,1,0
4220,30,5,283,91417,2,6.8,1,0,1,0,0,0,0
4221,27,7,203,91140,4,10.3,3,165,1,0,0,0,0
4222,45,20,41,95750,1,0.7,1,415,0,0,0,0,0
4223,59,37,111,92273,1,1.6,1,0,0,0,0,1,0
4224,46,25,115,94834,3,3.9,2,274,0,0,0,1,0
4225,57,37,102,90351,1,3.6,3,219,0,0,0,0,0
4226,30,6,37,95479,1,1.3,2,0,0,1,0,0,1
4227,42,18,82,95356,4,1.4,3,191,0,1,0,1,0
4228,49,27,82,94434,2,3.4,3,0,0,0,0,0,0
4229,38,14,35,91800,1,0.7,2,0,0,0,0,0,0
4230,23,2,63,90501,3,3.2,1,0,0,1,0,1,1
4231,26,3,84,91297,2,1.7,1,0,0,1,0,0,0
4232,63,42,70,93231,2,0.8,2,0,0,0,0,0,0
4233,49,26,106,95909,2,3.7,2,0,0,0,0,1,0
4234,34,14,62,94363,1,1.2,1,167,0,0,0,0,0
4235,34,12,78,92965,4,2.9,1,0,0,0,0,1,0
4236,24,1,120,93826,1,2.4,1,0,0,0,0,1,0
4237,64,41,173,94577,2,4.9,1,0,0,0,0,0,0
4238,27,5,37,94244,2,0.7,2,104,0,0,0,0,0
4239,56,33,104,90657,3,3.0,3,0,1,0,0,1,0
4240,33,10,57,93321,3,0.9,3,0,0,0,0,0,0
4241,37,16,92,95575,2,2.3,3,0,0,0,0,0,1
4242,35,14,35,93924,3,0.7,2,385,0,0,0,0,0
4243,59,36,137,92344,1,6.2,1,517,1,0,0,1,1
4244,24,0,47,93477,1,2.0,2,0,0,0,0,0,1
4245,38,14,122,94461,4,2.1,3,0,0,0,0,0,0
4246,35,12,38,90485,3,0.5,2,0,0,0,0,0,0
4247,35,10,31,91140,3,0.3,2,0,0,0,0,1,1
4248,31,6,65,93628,4,1.3,2,586,0,0,0,1,0
4249,63,40,83,90571,4,2.6,1,0,0,0,0,1,1
4250,39,19,213,92889,3,5.8,1,0,1,0,0,1,0
4251,41,18,81,94716,4,4.2,1,0,0,0,1,0,0
4252,39,16,41,93129,3,1.8,1,0,0,0,0,1,1
4253,66,45,111,94988,1,1.5,3,0,0,0,0,1,0
4254,37,12,149,90462,3,2.5,1,310,0,0,0,1,1
4255,38,13,46,92864,4,0.5,1,410,0,0,0,0,1
4256,37,16,119,95604,4,1.9,3,70,1,0,0,1,0
4257,37,15,139,93722,3,4.6,3,0,1,0,0,0,1
4258,26,5,113,95201,4,1.5,2,101,0,0,0,1,0
4259,49,28,51,92492,1,0.6,1,0,0,0,0,1,0
4260,24,3,83,90310,1,1.3,2,545,0,0,0,1,0
4261,32,10,91,91890,2,3.5,2,0,1,0,0,1,0
4262,31,10,134,95576,1,1.5,3,0,1,0,0,0,0
4263,35,15,53,91367,4,2.8,1,311,0,0,0,0,0
4264,56,34,121,95230,1,3.2,3,0,1,1,0,1,1
4265,49,26,69,93940,3,1.7,2,0,0,0,0,0,0
4266,66,45,61,94816,4,1.9,3,0,0,1,0,0,1
4267,38,15,76,95877,1,2.5,1,143,0,1,0,0,1
4268,63,42,19,95767,1,0.5,3,0,0,0,0,0,0
4269,24,0,22,93142,3,0.7,2,559,0,0,0,1,0
4270,45,22,25,94090,4,0.6,1,0,0,0,1,1,0
4271,58,33,94,90694,1,2.3,1,0,0,0,0,1,0
4272,46,26,65,90759,1,0.7,1,0,0,0,0,1,0
4273,64,39,51,95735,4,2.0,1,0,0,0,0,1,0
4274,36,14,73,90991,3,2.7,1,267,0,0,0,1,0
4275,24,4,122,90319,3,4.8,1,0,0,0,0,1,0
4276,57,33,71,90445,2,3.6,2,0,0,0,0,1,0
4277,25,4,40,90096,2,1.2,2,578,0,0,0,0,0
4278,56,35,231,92599,2,11.1,3,0,1,0,0,1,1
4279,55,30,75,90521,1,2.2,2,0,0,0,0,1,0
4280,60,39,139,91015,2,4.3,1,0,0,0,0,1,0
4281,44,21,113,95461,4,4.2,2,218,1,0,0,1,0
4282,62,41,59,90214,3,1.1,2,338,0,0,0,1,0
4283,30,10,172,90723,4,3.3,3,252,0,0,0,1,0
4284,42,22,54,93204,2,1.7,1,0,0,0,1,1,0
4285,28,8,93,91282,4,1.2,3,449,0,0,0,1,0
4286,56,34,86,91903,2,1.7,3,0,0,0,0,0,1
4287,54,32,91,92882,3,4.0,3,0,1,0,0,1,0
4288,58,38,156,91231,3,4.7,2,0,1,0,0,0,0
4289,56,34,76,94520,4,0.8,1,0,0,0,0,1,0
4290,36,15,83,94346,4,1.0,3,0,0,0,0,1,0
4291,25,2,86,90109,1,4.3,3,0,0,0,0,1,0
4292,63,38,208,93553,4,10.7,3,0,1,0,0,0,0
4293,44,20,134,92066,3,5.1,3,0,0,0,0,1,1
4294,27,2,31,93419,3,0.6,3,276,0,0,0,1,0
4295,63,42,55,94063,1,1.4,3,593,0,0,0,1,0
4296,66,45,78,92188,2,1.8,1,0,0,0,0,0,1
4297,42,18,155,93775,4,6.8,2,86,1,0,0,1,0
4298,56,35,163,94684,4,5.4,2,0,0,0,0,1,0
4299,24,0,73,94983,1,3.2,3,210,1,0,0,1,0
4300,27,5,54,90944,2,1.4,2,0,0,0,0,0,0
4301,35,14,68,93436,4,3.2,2,0,0,0,0,1,0
4302,51,26,80,92755,4,2.3,3,363,0,0,0,1,0
4303,28,5,65,95583,2,1.8,2,0,0,0,0,1,0
4304,24,0,141,92400,4,4.4,1,151,1,0,0,1,1
4305,52,30,62,91461,4,2.2,3,0,0,0,0,1,0
4306,56,36,46,94937,1,2.2,1,435,0,0,0,0,0
4307,55,31,67,92433,1,2.0,1,0,0,1,0,1,0
4308,58,38,89,91155,1,4.5,2,0,0,0,0,1,0
4309,58,35,143,93334,1,3.9,3,288,1,0,0,1,0
4310,49,27,44,96119,3,1.1,1,0,0,1,0,1,0
4311,45,21,89,91847,2,2.0,1,0,0,0,1,0,0
4312,60,35,90,90985,3,1.0,2,0,0,0,0,0,0
4313,38,16,99,92924,1,4.6,2,0,1,0,0,0,0
4314,27,2,62,92728,3,0.8,1,0,0,1,0,0,0
4315,56,36,99,91853,3,2.4,2,277,0,0,0,1,1
4316,35,15,112,93760,4,2.3,3,417,1,1,0,0,0
4317,66,41,61,90128,2,2.6,3,196,0,0,0,0,1
4318,41,18,83,92619,3,4.2,1,0,1,0,0,1,0
4319,60,38,69,90826,2,3.1,2,0,0,0,0,0,0
4320,24,4,50,95430,2,1.2,3,409,1,0,0,1,0
4321,52,31,36,93412,3,1.1,1,0,0,0,0,1,1
4322,42,18,54,93994,3,1.1,3,0,0,0,0,1,0
4323,43,19,56,93725,4,2.8,1,466,0,0,0,1,1
4324,34,9,36,94224,1,0.5,1,217,0,0,0,0,0
4325,65,43,95,94223,1,4.9,1,428,1,0,0,1,0
4326,40,18,116,95464,3,5.2,1,70,1,0,0,1,0
4327,60,40,68,93797,3,2.8,3,0,0,0,0,0,0
4328,41,21,74,90800,4,3.2,2,0,0,1,0,1,0
4329,25,3,58,92306,3,1.4,3,0,0,0,0,1,1
4330,61,38,71,92771,1,1.6,3,361,0,0,0,0,0
4331,31,11,99,95612,2,2.6,1,0,0,1,0,0,0
4332,34,12,89,92491,4,1.6,3,297,1,0,0,1,1
4333,60,37,71,95377,4,3.0,3,0,0,0,0,0,0
4334,62,38,56,94655,4,1.7,1,263,0,0,0,0,0
4335,63,38,111,92428,2,5.4,3,0,1,0,0,1,1
4336,41,19,59,95222,1,2.8,3,0,0,0,0,0,1
4337,56,34,37,92937,1,0.6,2,53,0,0,0,0,0
4338,37,12,81,92789,4,1.6,1,0,0,0,0,0,0
4339,55,31,28,90808,2,0.8,1,0,0,0,0,1,0
4340,45,24,87,90726,4,1.3,3,0,0,0,0,0,0
4341,25,1,91,93418,1,3.6,3,0,0,0,0,1,1
4342,41,21,53,94719,2,2.2,3,103,0,0,0,0,1
4343,43,21,57,95259,4,2.4,3,0,0,0,0,1,1
4344,34,13,119,94855,1,3.6,1,259,0,0,0,0,0
4345,39,14,197,92792,1,9.2,3,0,1,0,0,0,0
4346,45,25,76,91707,2,2.8,2,85,0,0,0,1,0
4347,25,0,22,92526,1,1.2,3,0,0,0,0,1,1
4348,29,8,54,91063,3,2.4,1,0,0,0,0,1,1
4349,56,36,91,93241,1,3.8,1,0,0,0,0,1,0
4350,38,15,70,90876,1,1.1,1,0,0,0,0,0,0
4351,49,25,88,94697,3,4.1,1,107,0,1,0,0,0
4352,47,27,81,90626,2,1.9,1,0,0,0,0,0,0
4353,47,27,82,92530,3,2.3,1,0,0,0,0,0,0
4354,41,21,23,91800,4,0.7,2,0,0,0,0,1,0
4355,44,22,57,93871,4,1.4,3,387,0,0,0,1,0
4356,59,39,54,94440,3,0.8,1,0,0,0,0,1,0
4357,65,41,54,92418,4,1.0,1,0,0,0,0,1,0
4358,34,14,103,91772,3,4.6,2,214,0,0,0,0,0
4359,52,28,39,95699,1,1.5,2,0,0,0,0,0,0
4360,65,40,23,95193,4,1.2,2,0,0,0,0,1,0
4361,23,0,53,95231,3,2.4,3,0,0,0,0,1,0
4362,57,32,48,92072,1,1.3,1,291,0,0,0,1,1
4363,44,19,76,90266,3,3.3,2,0,0,0,0,0,1
4364,65,45,47,94372,1,1.6,3,483,0,0,0,0,0
4365,48,26,64,91293,3,1.4,2,195,0,0,0,1,0
4366,59,35,60,91312,3,3.1,2,114,0,0,0,0,0
4367,30,8,139,94939,1,7.0,3,172,1,0,1,0,0
4368,29,5,48,90708,2,0.7,1,0,0,0,1,1,0
4369,63,39,100,95180,1,4.6,1,74,1,0,0,0,1
4370,46,21,71,91497,1,0.9,1,100,0,0,0,1,0
4371,47,26,121,92049,1,6.1,3,0,1,0,0,0,0
4372,30,8,161,93882,4,6.0,3,0,1,0,0,0,0
4373,32,12,70,94282,2,1.2,1,0,0,0,0,1,1
4374,59,38,28,94117,1,1.3,2,0,0,0,0,1,0
4375,36,15,39,93144,3,1.3,2,95,0,0,0,0,1
4376,48,26,34,93845,3,0.4,1,0,0,0,0,1,0
4377,36,14,58,92351,1,2.6,3,0,1,0,1,1,1
4378,34,9,53,92617,3,2.3,1,86,0,1,0,1,0
4379,30,6,83,90760,1,2.6,3,327,0,0,0,1,1
4380,63,39,116,93469,3,4.8,3,0,1,0,0,0,0
4381,64,44,27,92142,4,0.3,1,288,0,0,0,1,0
4382,28,6,74,95837,2,1.8,3,274,0,1,1,0,1
4383,38,14,49,95970,3,1.9,3,377,0,0,0,0,0
4384,47,26,75,90463,1,1.5,1,0,0,0,0,0,1
4385,39,17,58,93963,2,1.7,1,0,0,0,0,1,0
4386,54,30,106,90512,4,5.3,3,0,1,0,0,1,0
4387,34,10,41,92219,1,1.9,2,0,0,1,0,0,1
4388,25,0,51,93059,4,1.7,3,0,0,0,0,1,0
4389,37,15,68,91787,1,2.4,1,288,0,0,0,1,0
4390,49,27,61,94971,2,3.0,3,0,1,0,0,0,0
4391,30,8,68,90050,1,3.2,3,0,0,0,0,0,0
4392,58,34,30,95446,1,0.4,1,0,0,0,0,1,0
4393,23,1,148,96081,2,4.5,1,0,0,0,0,1,0
4394,25,3,55,94528,3,1.0,2,0,0,0,0,1,1
4395,45,24,42,96143,3,0.6,3,0,0,0,0,1,0
4396,45,23,69,91369,2,1.6,1,0,0,0,0,1,0
4397,35,14,74,93835,2,2.7,3,0,0,0,0,0,0
4398,34,11,183,94705,1,8.1,1,0,0,0,0,0,0
4399,26,1,126,92147,3,6.2,3,117,1,0,0,0,1
4400,52,28,60,91348,1,1.7,1,0,0,0,0,1,0
4401,39,17,166,92387,4,4.7,3,518,1,0,0,0,0
4402,28,3,149,90092,1,2.5,2,65,1,0,0,1,0
4403,40,15,42,93260,3,0.8,2,0,0,0,0,0,0
4404,64,42,205,90945,2,3.0,3,0,0,0,0,1,0
4405,34,10,56,91952,4,2.9,1,0,0,0,0,1,0
4406,62,40,79,96002,2,1.2,1,0,1,1,0,1,0
4407,34,9,137,90428,4,5.9,1,0,1,0,0,1,0
4408,31,9,27,94428,4,0.6,2,0,0,0,0,1,0
4409,34,13,68,91516,2,2.3,3,0,0,0,0,0,0
4410,37,17,85,90910,2,4.1,1,0,0,1,0,0,0
4411,28,3,123,93409,2,6.2,3,424,1,0,0,1,1
4412,48,27,72,91925,2,1.5,2,0,0,0,0,0,1
4413,37,13,27,94234,2,1.3,3,0,0,0,0,1,1
4414,54,34,182,95474,1,3.8,1,295,1,0,1,0,0
4415,44,21,74,94453,2,3.3,3,0,0,0,0,1,0
4416,42,20,87,94424,4,0.9,2,351,0,0,0,0,0
4417,43,21,32,93923,4,1.1,3,0,0,0,0,0,1
4418,29,8,145,91511,1,6.0,2,0,1,0,0,1,0
4419,54,34,56,92793,3,2.6,1,0,0,0,0,0,0
4420,27,5,49,96057,1,2.3,3,0,0,0,0,0,1
4421,54,32,128,93280,3,2.9,2,0,1,0,0,0,0
4422,66,42,34,93608,3,1.6,1,370,0,0,0,0,0
4423,56,34,88,93884,4,2.1,2,0,0,0,0,1,0
4424,43,22,48,93406,3,1.0,3,0,0,0,0,1,0
4425,36,15,93,90707,4,0.9,3,233,0,0,0,0,0
4426,61,38,106,93636,4,2.1,1,569,1,0,0,1,0
4427,34,12,55,90990,3,0.8,3,0,0,0,0,0,0
4428,44,19,141,94543,2,5.5,2,448,1,0,0,0,1
4429,56,34,74,95564,2,1.2,1,0,1,0,0,0,0
4430,63,40,183,91632,2,6.5,1,381,1,0,0,1,0
4431,63,43,129,91819,2,2.0,1,0,0,0,0,1,0
4432,26,5,78,90148,2,3.2,2,0,0,0,0,0,1
4433,62,37,78,91991,2,1.7,1,0,0,0,0,1,1
4434,28,6,36,94033,3,0.8,1,0,0,0,0,1,0
4435,48,26,128,91087,2,4.8,1,0,1,0,0,0,0
4436,63,40,52,92938,2,2.6,3,0,0,0,0,1,0
4437,51,31,83,94999,3,4.4,2,0,0,0,0,0,0
4438,64,41,182,95030,2,4.6,2,0,1,0,0,1,1
4439,38,16,139,90211,1,7.1,3,0,0,0,0,0,1
4440,36,16,44,95749,1,1.6,1,0,0,0,0,1,0
4441,37,15,74,95240,4,3.6,3,0,0,0,0,1,1
4442,38,16,87,93786,4,1.0,1,295,0,0,0,0,1
4443,53,32,148,94982,3,1.7,1,503,1,0,0,0,0
4444,42,19,137,93689,1,1.8,1,0,0,0,0,1,0
4445,55,31,99,92565,3,4.4,1,0,1,0,0,1,0
4446,41,20,94,93943,2,1.5,1,173,0,0,0,1,1
4447,36,11,73,95508,2,1.3,3,297,0,0,0,0,0
4448,31,8,86,90485,4,3.0,1,0,0,0,0,1,0
4449,47,23,64,94541,4,3.3,1,0,0,0,0,1,0
4450,62,42,112,92250,3,3.9,2,0,1,0,0,1,1
4451,60,36,97,95274,3,4.0,3,0,1,0,0,0,0
4452,34,12,126,94076,3,2.3,3,0,0,0,0,0,0
4453,44,20,124,90610,4,6.2,1,0,1,0,0,1,1
4454,54,30,52,93267,3,0.6,3,0,0,0,0,0,0
4455,49,28,20,95184,3,0.4,3,0,0,0,0,1,0
4456,25,4,50,94864,1,1.5,2,0,0,0,0,1,0
4457,49,29,86,94255,4,1.7,1,504,0,0,0,1,1
4458,24,1,64,90734,4,2.5,2,235,0,0,0,0,1
4459,28,4,63,96173,2,2.5,1,0,0,0,0,0,0
4460,51,29,48,93948,2,0.9,3,0,0,0,0,1,0
4461,27,7,92,95045,4,1.0,3,0,0,1,0,1,1
4462,37,16,27,95203,4,0.4,1,521,0,0,0,0,1
4463,48,26,99,96139,2,1.0,1,0,0,0,0,0,0
4464,51,26,100,94112,1,4.9,3,150,1,1,0,0,0
4465,42,22,124,93405,4,4.6,2,0,0,0,0,1,0
4466,27,5,298,90478,3,4.8,2,0,1,0,0,0,1
4467,58,35,19,90838,4,0.3,3,0,0,0,0,1,0
4468,64,43,97,94110,3,4.4,1,0,1,0,0,1,0
4469,62,37,108,95742,3,4.9,2,0,1,0,0,1,0
4470,55,30,50,95272,1,2.5,3,0,1,0,0,1,0
4471,40,18,67,95278,3,1.1,1,587,0,0,0,1,0
4472,61,37,57,90920,2,1.9,1,384,0,0,0,0,1
4473,44,20,101,92781,1,1.5,3,0,0,0,0,0,0
4474,29,5,131,93836,4,5.8,1,162,0,0,0,0,0
4475,60,39,38,93836,2,1.1,1,379,1,0,0,1,0
4476,37,17,93,93014,1,3.7,1,157,0,0,0,0,0
4477,64,42,146,95826,4,1.7,3,420,1,0,0,0,0
4478,39,19,52,91391,4,2.3,2,0,0,0,0,1,1
4479,61,40,17,95184,2,0.3,1,0,0,0,0,1,0
4480,46,23,45,92739,2,2.1,2,0,0,0,0,0,1
4481,43,20,43,93985,1,0.8,2,0,0,0,0,1,0
4482,36,15,47,92621,3,2.1,3,315,0,0,0,0,0
4483,59,39,181,92231,3,2.9,3,0,1,0,0,0,0
4484,25,4,203,93543,3,7.9,1,0,1,0,0,1,0
4485,43,21,156,93322,4,6.8,3,0,1,0,0,1,0
4486,39,15,64,94639,2,1.7,3,0,0,0,0,0,0
4487,46,24,159,90450,3,3.3,3,0,1,0,0,1,0
4488,34,13,21,90600,3,0.5,2,469,0,0,0,0,1
4489,52,29,41,92358,4,0.9,1,0,0,0,0,1,0
4490,39,19,113,91247,3,4.2,2,0,0,0,0,0,1
4491,31,10,55,94444,1,0.7,2,0,0,0,0,1,0
4492,31,11,38,93980,3,0.4,2,0,0,0,0,1,0
4493,53,30,91,90878,4,2.0,1,452,0,0,0,0,0
4494,34,12,92,90762,3,2.0,1,228,1,0,0,0,0
4495,36,13,97,95225,3,1.7,1,0,0,0,0,0,0
4496,50,27,103,94075,3,4.2,1,0,0,0,0,0,0
4497,37,15,89,95544,3,1.0,1,74,0,0,0,0,0
4498,40,15,70,94073,2,3.5,1,243,0,0,0,0,0
4499,33,8,77,92503,4,3.3,1,289,0,0,0,0,0
4500,38,18,114,92087,1,3.1,1,497,1,0,0,1,0
4501,53,28,87,95157,4,4.1,3,0,1,0,0,0,0
4502,46,25,58,96129,1,2.1,2,571,0,0,0,0,1
4503,66,45,50,92695,1,1.7,1,0,0,0,0,1,0
4504,56,33,77,92938,3,1.8,3,0,0,0,0,0,0
4505,23,3,146,92466,3,5.7,2,0,1,0,0,0,1
4506,39,17,104,95963,4,1.7,1,0,0,0,0,1,1
4507,35,14,150,90747,2,4.9,2,362,1,0,0,1,0
4508,48,26,63,91108,1,0.9,1,443,0,0,0,0,0
4509,34,10,83,95096,2,2.4,2,428,0,0,0,1,1
4510,65,40,90,95799,3,3.3,1,0,0,0,0,1,0
4511,36,15,117,91707,2,2.0,2,0,1,0,0,0,0
4512,45,22,63,93573,2,1.2,1,121,0,0,0,1,1
4513,28,6,104,91767,4,4.7,1,0,0,0,0,0,1
4514,63,41,141,96136,3,3.0,2,0,1,1,0,1,1
4515,63,40,72,90427,3,1.0,1,290,0,0,0,0,0
4516,57,32,46,93706,3,1.1,1,597,0,0,0,1,0
4517,38,16,144,93666,2,7.3,1,0,1,0,1,1,0
4518,25,5,109,95774,3,4.4,2,0,0,0,0,0,1
4519,54,29,34,93505,4,1.2,2,135,0,0,0,1,1
4520,41,16,73,92166,3,3.4,3,0,0,1,0,0,0
4521,66,45,187,93052,2,7.2,2,421,1,0,1,0,0
4522,53,30,99,93923,4,4.5,3,0,0,1,0,1,0
4523,46,21,77,95268,1,3.0,1,0,1,0,1,0,1
4524,66,43,43,90198,1,2.0,3,226,0,0,0,1,1
4525,58,36,43,94446,2,1.6,2,318,0,1,0,1,0
4526,43,18,113,93615,3,2.4,1,0,0,0,0,0,0
4527,23,0,45,91227,2,0.5,3,0,0,0,1,1,0
4528,27,4,91,92324,2,1.3,3,0,0,0,0,1,0
4529,42,22,72,93437,2,2.3,3,0,0,0,0,0,0
4530,47,25,88,95108,4,4.6,1,0,0,0,0,1,0
4531,24,0,69,95215,2,3.0,2,0,0,0,0,1,0
4532,28,7,97,93080,4,4.2,1,0,0,0,0,1,0
4533,53,30,124,94328,2,4.8,2,549,1,0,0,1,1
4534,56,33,70,93243,1,3.4,1,200,0,0,0,1,1
4535,24,4,118,94229,1,4.9,1,0,1,0,0,1,0
4536,45,22,153,96095,1,3.2,1,204,1,0,0,0,1
4537,26,2,90,90539,4,2.8,3,479,0,0,0,0,1
4538,54,33,112,95521,2,3.1,1,125,1,0,0,1,0
4539,59,36,38,91117,3,0.7,1,0,0,0,0,0,0
4540,61,37,70,95775,4,1.4,1,0,0,0,0,1,1
4541,49,29,32,92562,1,0.7,2,0,0,0,0,1,0
4542,50,27,57,91051,1,1.0,1,0,0,0,0,1,1
4543,63,42,71,90287,4,1.4,3,0,0,0,0,0,0
4544,49,27,195,95457,3,9.7,1,0,1,1,0,1,0
4545,42,19,50,94499,3,1.2,1,0,0,0,0,0,1
4546,56,36,75,92652,2,3.4,1,0,0,0,0,0,1
4547,48,28,45,95779,4,0.6,1,0,0,1,0,0,1
4548,60,38,68,95284,3,3.6,2,0,0,0,0,0,0
4549,46,21,98,91094,2,4.2,1,0,0,0,0,1,0
4550,61,41,106,93153,3,5.2,2,0,0,0,0,0,0
4551,24,0,63,93988,1,2.1,2,0,0,0,0,1,0
4552,24,4,54,94133,1,2.0,1,0,0,0,0,1,0
4553,27,5,15,93126,1,0.4,1,179,0,0,0,1,0
4554,47,25,164,91555,4,4.7,2,440,1,0,0,1,0
4555,54,32,60,91461,3,2.6,1,104,0,0,0,0,0
4556,32,12,22,91206,1,0.3,2,0,0,0,0,1,0
4557,29,5,142,92979,4,1.6,3,125,1,0,0,1,0
4558,60,39,25,93455,4,1.2,1,0,0,0,0,0,0
4559,56,32,142,95860,2,2.1,1,416,1,0,0,1,0
4560,51,28,32,90888,1,1.3,1,201,0,0,0,1,0
4561,44,21,35,92945,2,0.7,1,0,0,0,0,1,1
4562,41,20,41,93873,3,1.1,2,105,0,0,0,1,1
4563,23,0,58,92668,3,1.3,2,301,0,0,0,0,0
4564,31,6,142,90202,2,4.4,2,414,1,0,0,0,0
4565,62,37,41,94183,1,1.9,2,0,0,0,0,0,1
4566,37,12,98,91239,3,4.7,1,443,0,1,0,1,1
4567,53,32,87,94582,3,1.7,2,0,0,0,0,0,1
4568,53,30,79,91706,2,1.9,3,401,0,0,0,0,0
4569,36,14,129,94192,3,6.0,2,383,1,0,0,0,0
4570,31,6,82,91046,3,1.1,2,366,0,0,0,1,1
4571,53,28,86,93833,3,1.3,2,596,0,1,0,0,0
4572,27,2,111,90733,1,3.4,2,0,0,0,0,1,0
4573,44,24,59,91846,2,2.6,1,0,0,0,0,1,0
4574,62,41,75,94734,2,1.8,2,0,0,0,0,0,0
4575,54,30,90,91673,4,1.2,2,0,0,0,0,0,0
4576,56,32,122,92595,4,6.3,1,528,1,0,0,0,1
4577,26,4,70,92686,4,3.5,1,0,0,0,0,1,0
4578,31,11,75,91579,2,2.9,1,0,1,0,0,1,1
4579,35,15,96,93587,2,3.8,2,0,0,0,0,0,0
4580,35,11,71,91888,2,3.6,1,0,0,0,0,1,0
4581,31,9,51,93270,4,1.9,3,579,0,0,0,1,0
4582,65,43,111,94921,3,4.9,3,0,1,0,0,1,0
4583,30,6,83,94663,3,2.5,3,0,0,0,0,0,0
4584,54,34,61,91400,2,1.2,1,0,0,1,0,1,0
4585,48,24,41,94259,3,1.9,2,219,1,0,0,1,1
4586,49,28,26,94723,4,1.0,3,109,0,0,0,0,1
4587,32,7,99,93474,3,2.2,2,0,0,0,0,0,0
4588,36,11,50,94525,2,1.9,1,0,0,0,0,0,0
4589,49,26,31,92598,4,1.4,3,497,0,1,0,1,0
4590,36,15,47,90418,4,1.0,2,552,0,0,0,1,1
4591,53,32,90,93572,4,3.9,3,0,1,1,0,1,0
4592,24,3,50,95617,4,0.7,3,591,0,0,0,1,1
4593,26,1,91,92987,2,3.4,3,591,1,0,0,1,0
4594,55,34,56,93497,2,3.0,2,0,0,0,0,0,1
4595,50,28,75,94175,1,3.6,1,292,1,0,0,0,0
4596,24,2,79,95199,2,3.8,2,102,1,0,0,1,0
4597,62,38,108,93046,3,4.3,2,0,0,0,0,1,0
4598,23,0,110,91972,3,3.3,2,111,0,0,0,1,1
4599,65,42,77,93906,1,3.0,2,469,0,0,0,1,0
4600,55,31,44,94277,4,1.1,2,0,0,0,0,1,1
4601,66,43,136,94154,1,4.6,2,0,0,0,0,1,1
4602,64,42,61,93735,1,2.0,3,0,0,0,0,1,0
4603,36,16,18,96199,3,0.6,3,0,0,0,0,1,0
4604,56,35,88,91674,1,2.5,1,0,0,0,0,0,0
4605,32,10,90,91959,4,2.3,2,0,1,0,1,1,0
4606,43,23,62,95280,1,1.5,2,0,0,0,0,1,0
4607,33,12,32,91124,1,0.6,2,0,0,0,0,1,0
4608,44,22,28,95046,4,0.8,1,174,0,0,0,1,0
4609,61,39,65,91536,2,1.0,3,0,0,0,0,1,0
4610,42,18,42,94154,3,2.1,3,250,0,0,0,1,0
4611,27,2,122,95294,3,1.6,2,419,0,0,0,0,0
4612,37,13,63,95382,1,2.9,3,0,0,0,0,1,0
4613,57,37,59,93745,3,1.2,3,79,0,0,0,1,0
4614,45,23,184,91357,3,8.6,3,0,1,1,0,1,1
4615,47,23,20,92096,1,0.8,3,499,0,0,0,0,0
4616,41,18,75,94403,4,3.7,2,0,0,0,0,0,0
4617,35,13,26,93955,4,1.2,3,0,0,0,0,1,0
4618,49,27,144,91786,4,5.8,3,0,1,0,0,1,0
4619,50,28,31,93546,1,0.5,2,0,0,0,0,0,0
4620,62,39,92,95824,1,3.1,1,0,1,0,0,0,0
4621,50,29,85,90358,4,2.1,1,0,0,0,0,1,0
4622,66,43,26,93501,2,1.3,2,0,0,1,0,0,1
4623,59,38,92,93426,3,4.4,3,494,1,0,0,1,1
4624,26,2,56,95264,2,1.3,2,0,0,0,0,1,1
4625,40,15,102,91597,1,4.0,3,281,0,0,0,0,0
4626,39,16,54,91113,3,1.3,3,0,0,0,0,0,0
4627,23,1,92,92743,1,3.6,1,396,0,0,0,1,1
4628,30,5,71,91972,1,2.6,1,0,0,0,0,1,1
4629,56,33,92,95508,3,3.0,3,0,1,0,0,0,0
4630,38,16,101,94730,1,4.9,1,0,0,0,0,0,1
4631,29,9,67,92435,1,1.4,3,0,0,0,0,1,0
4632,35,15,61,92224,4,2.7,3,0,0,0,0,1,0
4633,35,14,99,90080,3,3.9,2,0,0,0,0,1,0
4634,30,9,56,90557,3,1.2,2,561,0,0,0,1,1
4635,27,3,67,93450,1,1.9,3,0,0,0,0,1,0
4636,56,33,158,94074,1,2.1,3,182,1,0,0,0,1
4637,59,34,75,94929,2,2.7,2,0,0,0,0,0,0
4638,44,21,110,90682,2,5.3,3,94,1,0,0,0,0
4639,50,25,51,90993,2,0.8,2,525,0,1,0,1,0
4640,63,40,92,93444,1,1.4,1,0,0,0,0,1,0
4641,60,38,68,90547,4,2.1,2,0,0,0,0,0,0
4642,24,0,62,95187,2,1.4,3,90,0,0,0,0,0
4643,64,42,25,92745,4,0.6,3,176,0,0,0,1,1
4644,25,4,42,93618,2,1.6,1,242,0,0,0,1,0
4645,24,2,23,94837,2,0.6,2,0,0,0,0,0,0
4646,40,17,191,93103,1,8.9,2,0,1,0,1,1,1
4647,55,33,70,90456,3,2.0,3,593,1,0,1,0,0
4648,26,2,76,91416,1,2.8,3,272,0,0,0,0,1
4649,35,10,120,92154,3,3.3,1,282,0,0,0,1,0
4650,34,12,87,91010,4,1.8,3,0,1,0,0,1,0
4651,40,19,62,93197,2,1.9,2,0,0,0,0,1,0
4652,66,44,62,90115,4,2.6,3,214,0,0,0,0,0
4653,37,12,40,90899,3,2.1,3,0,0,0,0,1,1
4654,32,11,96,94964,1,1.1,1,313,0,0,0,1,0
4655,28,3,98,90782,1,3.2,3,0,0,0,0,1,1
4656,31,9,76,90188,3,2.9,2,0,0,0,0,1,1
4657,28,3,69,92770,3,0.9,3,0,0,0,0,0,0
4658,48,24,98,95323,1,4.5,1,434,1,0,0,1,1
4659,41,17,40,91511,3,0.9,3,0,0,0,0,1,0
4660,44,19,90,92460,4,4.3,1,0,0,0,0,1,0
4661,59,38,163,94722,1,5.5,1,0,1,1,0,0,0
4662,48,25,52,95643,4,0.9,3,0,0,0,0,1,0
4663,29,9,66,91854,3,2.8,1,0,0,0,0,1,1
4664,39,18,140,90967,3,2.4,1,0,0,0,0,1,0
4665,36,16,76,91525,1,3.1,3,0,0,0,0,1,1
4666,59,35,114,95022,3,5.1,2,473,1,0,0,0,0
4667,36,13,92,92083,2,3.2,2,0,1,0,0,1,0
4668,29,5,97,95366,2,2.1,3,408,1,0,0,0,1
4669,55,34,51,93061,4,1.5,2,0,0,0,0,0,0
4670,41,20,50,92590,1,1.6,1,0,0,0,0,0,1
4671,27,3,106,94496,1,4.1,2,0,1,0,0,1,0
4672,53,29,34,96091,2,1.3,3,0,0,0,0,1,0
4673,32,7,67,94645,3,1.8,1,526,0,0,0,1,1
4674,61,41,98,91310,1,4.2,2,0,0,0,0,0,1
4675,59,37,66,92011,4,2.9,1,0,1,0,0,0,0
4676,39,19,70,90691,3,2.8,1,0,0,0,0,1,0
4677,47,23,164,93661,4,3.6,1,0,0,0,0,0,0
4678,47,27,117,96022,2,3.5,3,0,0,0,0,0,0
4679,51,27,149,91951,1,4.3,1,0,0,0,0,0,0
4680,26,6,232,91589,1,10.5,1,580,1,0,0,0,0
4681,37,17,142,95755,3,6.4,3,0,1,0,0,0,1
4682,30,5,58,90176,3,2.8,1,0,1,0,0,1,1
4683,53,31,46,91311,3,0.9,3,0,0,0,0,1,1
4684,26,4,59,92437,4,2.5,3,0,0,0,0,0,0
4685,45,22,99,95817,4,4.7,2,53,1,0,0,1,0
4686,55,34,62,96145,3,1.1,1,0,0,0,0,1,1
4687,64,40,52,95541,1,0.6,1,0,0,0,0,0,0
4688,35,13,159,95211,3,2.3,1,0,1,0,0,1,0
4689,23,2,61,90180,4,2.2,1,395,0,0,0,1,1
4690,54,32,95,90597,4,2.7,2,0,0,0,0,1,0
4691,23,3,94,95538,4,1.7,1,0,0,0,0,1,0
4692,25,4,25,92231,1,0.8,3,0,0,0,0,1,0
4693,66,43,154,91003,2,6.8,1,434,1,0,0,0,0
4694,60,40,39,93325,3,1.8,2,123,0,0,0,0,0
4695,54,34,32,95706,1,1.4,1,378,0,0,0,1,0
4696,59,36,57,94937,2,2.8,1,271,0,0,0,1,0
4697,26,4,46,92593,1,1.7,3,0,1,0,0,1,0
4698,26,6,141,91192,1,6.5,3,0,1,0,0,1,0
4699,36,12,86,94750,1,2.4,1,0,0,0,0,1,0
4700,24,0,54,90563,4,2.5,2,222,0,0,0,1,1
4701,62,42,31,90709,4,1.5,2,0,0,0,0,1,0
4702,25,4,92,94548,2,3.7,3,0,0,0,0,1,1
4703,46,24,64,91146,1,1.8,1,0,0,0,0,1,0
4704,60,36,99,90132,2,2.2,3,0,1,0,1,0,0
4705,55,35,87,96144,2,2.1,1,421,0,0,0,0,0
4706,33,9,47,93196,1,0.7,2,0,0,0,0,1,1
4707,43,22,105,94859,3,1.3,2,270,0,1,0,0,1
4708,47,27,36,94379,4,1.0,1,0,0,0,0,1,0
4709,56,31,63,95108,4,0.7,2,0,0,0,0,0,0
4710,41,21,67,94135,4,3.2,2,0,0,0,0,0,0
4711,35,15,72,94403,4,2.7,1,418,0,0,0,0,0
4712,58,33,35,93162,1,1.6,3,504,0,0,0,0,0
4713,62,39,137,90998,3,4.0,1,177,0,0,0,0,0
4714,44,22,47,94844,3,0.9,3,423,0,0,0,1,0
4715,24,0,27,93000,1,0.6,2,454,0,0,0,0,0
4716,45,22,88,93658,1,4.1,1,499,0,0,0,1,0
4717,62,39,189,91882,3,2.9,1,0,0,0,0,1,0
4718,66,46,25,95105,3,1.0,2,135,0,0,0,0,0
4719,40,17,42,94682,1,0.8,3,0,0,0,0,1,1
4720,29,8,118,93600,2,3.0,2,0,1,0,0,1,0
4721,48,24,75,91126,1,0.8,1,202,0,0,0,1,0
4722,59,36,36,92681,1,1.1,1,0,0,0,0,0,0
4723,64,44,67,91600,3,1.0,3,0,0,0,0,1,0
4724,25,0,165,93705,3,7.8,3,0,1,0,0,1,0
4725,35,14,145,90423,4,2.1,1,0,0,1,0,1,0
4726,44,23,256,92635,4,5.3,3,0,1,0,0,0,0
4727,27,2,108,96079,1,1.1,2,0,0,0,0,1,0
4728,61,37,56,91299,2,3.0,2,0,0,0,0,1,1
4729,27,2,117,93060,4,4.4,2,0,1,0,0,1,1
4730,52,29,50,92922,1,1.9,1,0,0,0,0,0,0
4731,63,38,70,95373,4,2.3,1,0,1,0,0,0,0
4732,53,33,50,95878,4,2.4,3,0,0,0,0,1,0
4733,56,33,108,95175,1,1.8,3,0,1,0,0,1,0
4734,34,13,103,93645,1,4.6,2,0,0,1,0,1,0
4735,59,37,53,92604,3,2.4,1,0,0,0,0,1,0
4736,41,20,131,94515,2,1.5,1,409,1,1,0,0,0
4737,25,4,154,90314,4,2.4,2,594,1,0,0,1,0
4738,39,17,57,94075,3,1.9,2,0,0,0,0,0,0
4739,38,13,93,91940,3,1.3,1,0,0,0,1,1,0
4740,45,22,159,92860,1,3.5,1,0,1,0,0,1,1
4741,34,12,88,94025,2,2.4,3,0,0,0,0,0,0
4742,43,21,63,92524,1,1.1,1,0,0,0,0,0,0
4743,41,18,72,91835,1,2.9,2,0,1,0,0,1,0
4744,37,16,56,91229,1,1.8,3,0,0,1,0,0,0
4745,53,30,134,92496,4,5.1,1,148,1,0,0,1,1
4746,36,12,125,90095,1,3.8,2,0,1,0,0,0,0
4747,56,35,209,95339,3,5.8,1,324,1,0,0,1,1
4748,34,11,49,95351,3,1.5,1,0,0,0,0,1,0
4749,61,37,54,94210,1,2.6,3,177,0,0,0,0,1
4750,39,16,32,91721,4,0.9,2,0,0,0,0,1,1
4751,24,3,99,94748,3,3.7,1,0,0,0,0,1,1
4752,29,6,39,93669,1,1.8,1,371,0,0,0,0,0
4753,58,34,203,91640,1,7.5,1,0,1,0,0,1,1
4754,61,40,46,92865,3,0.9,3,0,0,0,0,0,0
4755,32,9,24,90496,3,0.4,3,0,0,0,0,1,0
4756,49,25,38,90676,2,1.4,2,0,0,0,0,1,1
4757,48,27,87,92337,2,3.6,1,207,0,0,0,1,0
4758,28,6,71,90219,1,3.1,3,366,0,0,0,1,0
4759,42,17,46,95391,1,1.8,3,0,0,0,0,1,1
4760,53,31,69,95837,3,0.7,1,298,0,0,0,1,1
4761,65,42,53,92039,2,2.3,1,0,0,0,0,0,0
4762,60,40,98,92243,2,3.5,2,93,0,0,0,1,0
4763,27,2,40,94772,2,2.1,2,0,0,0,0,1,0
4764,33,10,80,91947,3,3.5,1,0,1,0,0,0,0
4765,42,18,82,94872,2,2.3,1,0,0,0,0,1,0
4766,29,6,72,90526,2,2.8,2,136,0,0,0,0,0
4767,48,26,92,93306,2,3.4,2,0,0,0,0,1,0
4768,23,1,69,90017,3,1.7,2,0,1,0,1,0,0
4769,27,3,107,94503,1,3.5,2,0,0,0,0,0,1
4770,25,0,72,94487,4,1.4,1,0,0,0,0,1,1
4771,36,16,137,92852,3,1.9,2,0,0,0,0,0,0
4772,56,31,80,95497,1,3.3,3,0,0,1,0,1,0
4773,30,6,132,94120,4,3.5,2,0,1,0,0,1,0
4774,66,46,54,91579,4,2.3,3,0,0,0,0,1,0
4775,34,14,42,93661,1,1.3,3,0,0,0,0,1,0
4776,24,0,107,92773,1,4.8,3,0,0,0,0,1,0
4777,37,12,73,94332,1,3.1,2,347,0,0,0,0,0
4778,55,33,20,93848,1,0.9,1,272,0,0,0,1,1
4779,27,4,49,94830,3,1.4,3,0,0,0,0,0,0
4780,26,1,87,91035,1,4.5,2,0,0,0,0,0,0
4781,60,39,70,90137,2,1.9,3,233,0,0,0,1,1
4782,49,28,48,92295,4,2.1,2,0,0,0,0,1,0
4783,38,13,73,90449,3,2.3,2,233,0,0,0,1,0
4784,56,35,79,93034,3,1.6,1,0,0,0,0,0,1
4785,60,38,27,92222,1,1.0,1,0,0,0,0,0,1
4786,38,16,130,93996,4,3.9,2,0,0,0,0,1,1
4787,47,24,146,94196,1,3.1,3,0,0,0,0,0,0
4788,23,2,49,96088,3,1.3,3,0,0,0,0,1,1
4789,36,12,186,90070,3,3.1,2,0,1,0,0,1,1
4790,49,25,70,93080,2,3.7,2,0,0,0,0,1,1
4791,31,10,52,94950,4,2.0,1,0,0,0,0,0,0
4792,66,44,51,91594,4,0.9,1,0,0,1,0,1,0
4793,65,45,179,95352,1,7.7,3,466,1,0,0,0,0
4794,34,13,40,94050,4,1.4,3,137,0,0,0,1,1
4795,40,15,80,93063,1,3.3,2,201,0,0,0,1,0
4796,31,8,85,90711,4,3.0,3,491,1,0,0,0,0
4797,45,22,107,93527,4,1.4,1,236,0,0,0,0,1
4798,28,3,77,90034,3,1.4,3,239,1,0,0,1,0
4799,40,16,172,91934,4,7.4,2,0,1,0,0,0,0
4800,47,23,190,92332,4,8.1,1,489,1,0,0,1,1
4801,49,25,151,90527,3,6.4,3,0,1,0,0,1,0
4802,49,27,90,90431,1,1.0,1,154,0,0,0,1,0
4803,32,9,119,95510,2,5.3,2,206,1,0,0,0,0
4804,57,36,62,92959,4,1.8,1,0,0,1,1,1,0
4805,53,28,133,90571,1,5.3,1,0,1,0,0,1,0
4806,56,35,53,92026,4,1.2,2,0,0,0,0,0,0
4807,43,18,44,93690,1,1.9,2,0,0,0,0,1,1
4808,62,37,43,95544,3,2.3,1,0,0,0,0,1,0
4809,40,20,100,92765,3,2.1,3,0,0,1,0,1,0
4810,58,34,161,91105,1,7.1,1,384,1,0,0,0,1
4811,31,6,168,92991,2,6.1,2,361,1,0,0,1,0
4812,33,10,21,94301,1,0.5,2,0,0,1,0,1,0
4813,46,24,123,90796,2,2.8,1,0,1,0,0,1,0
4814,47,22,43,93915,4,1.8,3,0,0,0,0,1,0
4815,55,32,230,92136,1,5.1,2,343,1,0,0,1,1
4816,36,16,35,96169,4,0.4,1,0,0,0,0,1,0
4817,61,40,28,92717,3,1.3,2,0,0,0,0,1,0
4818,37,13,124,93527,3,4.4,2,0,0,0,0,0,0
4819,46,24,60,94381,2,2.6,1,0,0,0,0,1,0
4820,64,43,58,95005,4,2.1,1,369,0,0,0,1,1
4821,46,22,48,90342,2,1.6,2,0,0,0,0,1,0
4822,53,33,53,92177,3,2.3,2,546,0,0,0,0,0
4823,62,41,127,90070,1,1.4,1,150,0,0,0,0,1
4824,65,43,43,90447,4,1.0,1,0,0,0,0,1,0
4825,44,24,68,92953,3,2.5,1,0,0,0,0,0,0
4826,41,19,41,92507,1,2.1,1,249,1,0,0,1,0
4827,31,6,78,94476,3,2.1,2,0,0,0,0,0,1
4828,46,21,58,94169,1,3.0,1,0,0,1,1,0,0
4829,63,38,95,95722,2,4.1,1,514,0,0,0,1,1
4830,44,23,102,91576,3,3.2,1,50,0,0,0,1,0
4831,38,18,163,93396,4,4.7,2,0,1,0,0,1,1
4832,27,3,222,90860,2,3.5,2,427,1,0,0,1,1
4833,40,18,51,92639,1,1.9,1,0,0,0,0,1,1
4834,33,9,108,90650,2,1.3,2,168,0,0,0,1,0
4835,65,45,57,95671,4,1.6,2,0,0,0,1,0,0
4836,46,22,100,93279,4,2.0,1,0,0,0,0,1,0
4837,29,6,98,90449,1,5.0,1,163,1,0,0,1,0
4838,25,0,96,92076,1,2.5,1,0,0,1,0,1,0
4839,60,40,113,94776,4,3.5,3,0,0,0,0,1,0
4840,63,41,81,94736,3,2.1,1,0,0,0,0,1,0
4841,56,31,60,94630,3,1.0,1,0,0,0,0,1,0
4842,28,6,79,93960,1,2.0,2,0,0,0,0,1,0
4843,27,4,213,96104,2,9.3,2,52,1,0,1,1,1
4844,31,11,54,95814,4,2.0,3,0,0,0,0,0,1
4845,56,32,63,92489,1,1.8,1,357,0,1,0,1,0
4846,56,35,49,96077,1,2.2,1,222,0,0,0,1,0
4847,59,36,25,94246,2,0.3,2,346,0,0,0,1,1
4848,27,2,72,90003,3,3.3,3,0,0,0,0,1,0
4849,29,6,104,94623,4,1.3,3,0,0,0,0,0,1
4850,62,40,44,91458,3,2.1,2,0,0,0,0,0,0
4851,63,42,149,95329,2,7.6,2,0,1,0,0,1,1
4852,54,32,93,91498,2,4.2,1,0,0,0,0,1,0
4853,27,2,128,92975,1,1.4,3,166,0,0,0,1,0
4854,26,5,89,95450,2,2.9,2,407,0,0,0,1,1
4855,25,2,68,94864,1,3.1,1,0,0,0,0,0,1
4856,53,31,61,90822,1,2.1,2,0,0,0,0,1,0
4857,60,39,87,96049,3,2.2,2,517,0,0,0,0,0
4858,50,26,91,92588,2,2.8,1,172,0,0,0,1,1
4859,34,12,56,93289,3,0.8,3,0,0,0,1,1,0
4860,56,35,67,90330,1,2.1,2,0,0,0,0,1,0
4861,25,2,191,90176,3,2.1,1,0,1,0,0,0,0
4862,59,35,80,92964,1,3.0,3,0,0,0,0,1,1
4863,62,37,84,92208,3,2.3,3,0,0,0,0,0,0
4864,54,31,166,90238,3,3.0,1,0,1,0,0,1,0
4865,61,38,92,90542,2,1.0,2,0,0,0,0,1,0
4866,48,24,74,94492,1,3.7,3,0,1,0,0,1,0
4867,43,22,126,93647,4,4.3,1,363,1,0,0,1,1
4868,37,16,111,93212,1,4.2,3,0,0,0,0,0,1
4869,63,41,85,93519,1,3.7,1,0,0,0,0,1,0
4870,53,30,89,96187,2,3.3,3,486,0,0,0,1,0
4871,31,8,64,92863,4,1.8,2,0,0,1,0,1,0
4872,65,45,39,96114,2,1.5,1,0,0,0,0,0,0
4873,25,1,102,91856,2,2.1,3,0,0,1,0,1,0
4874,48,26,31,94864,3,1.1,1,51,0,0,0,1,0
4875,31,6,40,93899,2,0.8,1,0,0,0,0,0,1
4876,52,28,67,91814,3,3.3,1,0,0,0,0,1,1
4877,41,16,63,90726,2,2.0,1,0,0,0,0,0,0
4878,42,19,108,90695,3,2.2,1,0,0,0,0,0,1
4879,52,29,123,94059,2,4.6,1,0,1,0,0,1,0
4880,56,35,205,90971,2,2.9,1,0,1,0,0,1,1
4881,39,17,29,93849,2,0.8,1,313,0,0,0,0,0
4882,66,41,96,94278,2,4.6,1,562,1,0,0,0,0
4883,44,22,94,94578,4,4.1,3,0,1,0,0,1,1
4884,30,10,88,90833,2,3.6,1,502,1,0,0,0,1
4885,23,2,102,90761,4,3.1,3,0,1,0,0,1,0
4886,31,8,114,91759,3,3.3,1,0,0,0,1,1,0
4887,53,30,152,93018,3,1.6,1,0,1,0,0,0,0
4888,46,21,89,90573,2,3.2,2,0,1,0,0,1,0
4889,37,12,176,93042,2,6.2,1,0,1,0,0,0,1
4890,44,21,89,90319,4,0.9,2,101,0,1,0,1,0
4891,59,36,59,90869,1,0.9,3,0,0,0,0,1,0
4892,48,24,85,92412,3,0.9,1,460,0,0,0,0,0
4893,25,5,47,93556,4,1.0,1,0,0,0,0,1,0
4894,25,2,48,92572,3,0.5,3,97,0,0,0,0,0
4895,44,22,70,94386,1,2.0,1,0,0,0,0,0,0
4896,40,16,65,91190,3,2.0,3,0,0,0,0,0,1
4897,60,36,149,90595,1,4.3,2,0,1,0,0,0,1
4898,48,25,69,95705,4,1.3,1,0,0,0,0,0,1
4899,56,33,43,92702,2,1.4,1,0,0,0,0,1,0
4900,48,24,77,93767,2,3.5,1,0,0,0,0,0,1
4901,38,15,89,94451,4,2.0,2,512,0,0,0,1,0
4902,51,30,81,91810,2,1.9,3,0,0,0,0,0,0
4903,50,29,42,90402,1,1.4,1,403,1,0,0,0,0
4904,54,30,158,95175,4,3.2,3,0,1,0,0,1,0
4905,31,8,27,94237,3,0.7,1,0,0,0,0,0,1
4906,51,30,81,93427,3,2.4,1,0,0,0,0,1,1
4907,35,10,41,95373,1,1.1,2,84,0,1,0,0,0
4908,57,32,130,92760,2,5.9,3,0,1,0,0,1,1
4909,58,35,96,90303,2,4.5,2,108,1,0,0,1,0
4910,50,29,89,94658,2,2.4,3,0,0,0,0,0,1
4911,64,39,67,94985,3,2.0,2,0,0,0,0,1,0
4912,46,25,151,92275,1,7.8,3,119,1,0,0,0,0
4913,24,2,67,91233,2,2.1,3,176,0,1,0,0,0
4914,49,24,185,94978,4,9.8,2,0,1,0,0,0,0
4915,57,34,47,90349,3,2.0,2,242,0,0,0,0,1
4916,27,6,77,90026,2,1.7,2,0,0,0,0,0,0
4917,27,7,112,95172,1,2.2,3,0,0,0,0,1,0
4918,35,13,100,91525,1,1.7,2,0,0,0,0,0,0
4919,60,36,74,94882,2,3.3,1,0,0,1,0,1,0
4920,46,22,29,93288,1,0.7,3,0,0,0,0,1,0
4921,65,44,84,95778,1,3.3,2,0,0,0,0,0,1
4922,61,41,62,95185,4,2.1,2,0,0,0,0,0,1
4923,47,23,54,92995,4,2.5,2,0,0,0,0,1,0
4924,52,32,116,94611,3,4.9,1,221,1,0,0,0,0
4925,37,17,26,91010,4,0.3,2,0,0,0,0,1,0
4926,26,4,75,95791,2,1.8,1,0,0,1,0,0,1
4927,40,17,16,95686,3,0.5,3,0,0,0,0,1,0
4928,49,28,100,91616,4,4.5,2,0,1,0,0,1,1
4929,31,10,117,93233,1,4.8,3,0,0,0,0,1,1
4930,32,11,83,95719,2,2.8,1,119,0,0,0,0,0
4931,23,1,59,92025,1,2.7,3,0,1,0,0,1,1
4932,55,35,150,90711,4,4.3,1,0,1,0,0,1,0
4933,62,42,155,96079,4,1.9,1,0,0,0,0,1,0
4934,59,37,91,91233,3,4.3,3,0,1,0,0,1,0
4935,39,19,167,90977,3,5.5,2,0,1,0,0,1,1
4936,49,28,47,92895,2,2.1,3,0,0,0,1,1,1
4937,65,42,71,92865,1,1.9,2,243,0,0,0,1,0
4938,49,29,20,91307,4,0.7,1,0,0,0,0,1,0
4939,36,13,39,95467,4,0.9,1,0,0,0,0,1,1
4940,37,14,38,90195,4,1.1,3,0,0,1,0,1,0
4941,54,31,100,95710,2,1.6,2,498,0,0,0,1,0
4942,42,19,41,93964,1,1.7,3,0,0,0,0,0,1
4943,59,35,25,91630,3,0.6,1,232,0,0,0,1,0
4944,61,41,52,92527,1,1.2,1,0,0,0,0,1,0
4945,24,3,56,90500,1,1.4,3,0,0,0,0,1,0
4946,54,33,35,95721,4,1.0,3,57,0,0,0,0,0
4947,39,15,80,94372,4,2.8,1,487,0,0,0,0,1
4948,45,20,87,96099,2,3.4,1,122,0,0,0,1,0
4949,34,9,31,90270,3,1.2,1,0,0,0,0,1,1
4950,39,16,108,95738,3,3.1,1,0,0,0,0,1,0
4951,37,15,45,95165,1,1.4,3,352,0,0,0,1,0
4952,25,3,55,93200,1,0.9,2,0,0,0,0,1,0
4953,57,37,97,93828,2,3.2,1,327,0,1,0,1,0
4954,29,7,56,91910,4,2.7,3,0,0,0,0,1,0
4955,39,16,40,93155,2,1.2,3,344,0,0,0,1,0
4956,31,10,77,95922,3,3.9,1,0,0,0,0,1,1
4957,30,6,130,95043,1,2.2,3,0,1,0,0,1,0
4958,39,15,122,92315,4,5.1,2,0,1,0,0,1,1
4959,63,42,53,93411,4,2.2,1,236,0,0,0,0,1
4960,64,39,44,92349,2,1.7,3,0,0,0,0,1,0
4961,39,19,49,92157,1,1.9,1,428,0,0,0,1,0
4962,45,20,123,93937,4,1.3,3,0,1,0,1,0,1
4963,66,42,48,92589,4,2.0,2,0,0,1,1,1,0
4964,33,12,163,93931,3,5.2,3,0,1,0,0,1,0
4965,64,41,96,96017,2,3.1,1,0,0,0,0,0,0
4966,27,6,72,90648,3,0.9,1,0,0,0,0,1,1
4967,32,8,52,92503,2,0.9,3,0,0,0,0,1,0
4968,37,17,78,91187,3,3.9,3,64,0,0,0,0,1
4969,24,3,40,90411,4,0.9,3,0,0,0,0,1,1
4970,58,37,31,90000,2,0.8,1,0,0,0,0,0,1
4971,60,39,96,92311,1,1.7,2,0,1,1,0,1,1
4972,39,18,72,90613,3,2.7,1,0,0,0,0,1,0
4973,59,36,110,94461,4,4.6,1,0,0,0,0,1,0
4974,56,33,86,92125,1,4.3,2,0,0,0,0,1,0
4975,58,35,52,91356,4,1.8,3,259,0,0,0,0,0
4976,58,37,122,95881,2,2.7,2,0,1,0,1,0,0
4977,48,27,55,93884,3,0.7,1,0,0,0,0,1,0
4978,27,2,140,94955,3,3.0,3,386,1,0,0,0,1
4979,63,42,54,94771,1,2.0,3,73,0,0,0,1,1
4980,49,29,34,91412,1,1.8,1,0,0,0,0,0,1
4981,62,40,154,93894,4,2.1,3,527,0,0,0,1,0
4982,65,45,53,90720,3,1.4,3,0,0,0,0,0,0
4983,31,9,55,93298,3,2.1,1,0,0,0,0,0,1
4984,40,15,35,96191,2,1.2,3,0,0,0,0,1,0
4985,31,10,69,91305,1,2.6,3,0,0,0,0,0,1
4986,25,1,37,94465,2,1.1,3,0,0,0,0,1,0
4987,65,43,149,90326,3,3.2,1,0,0,0,0,0,0
4988,63,41,60,93244,3,1.9,2,0,1,0,1,0,1
4989,63,40,44,90780,2,1.2,3,162,0,0,1,1,0
4990,61,38,76,96066,1,3.1,2,217,0,1,0,1,0
4991,51,30,219,92766,1,3.8,1,0,1,0,0,0,0
4992,45,24,77,95915,4,2.4,1,0,0,0,0,1,0
4993,66,41,64,95594,3,3.3,3,456,0,0,0,1,0
4994,47,26,75,90718,4,2.5,2,0,0,0,0,1,0
4995,51,26,113,93135,1,2.3,3,346,1,1,0,1,1
4996,32,10,108,93943,2,5.5,1,366,0,0,0,0,0
4997,55,30,85,92668,2,1.7,3,0,0,0,0,0,1
4998,59,37,125,94277,2,5.3,1,0,1,0,0,1,0
4999,52,29,77,92763,2,1.1,3,0,0,0,0,1,1
5000,44,21,67,95354,1,3.1,3,0,0,0,0,1,0
